상품코드,상품명,ABC,단품가로(mm),단품세로(mm),단품높이(mm),중량(g)
O1FPAC03009XXX,QUEEN BLACK,C,3,96,8,283
Half Zip-up L-grey-L,Ballon Half Zip-up (L/grey)(사이즈=L),C,34,77,77,200
8809079208209,더퓨어로터스 제주 보태니컬 탈모 샴푸,B,22,99,91,44
5038234417,꽃잠 네이처 프리미엄 버진에센스,A,18,77,86,248
O0SGAC03000XXX,폭스폼폼,A,59,92,28,148
O0SSSS14009225,레이스 업 플레인 스니커즈 BLACK 225,B,29,72,99,141
O1SPPW13099XXX,제마 폰월렛 SKY BLUE XXX,B,35,96,36,284
5727DUL-003A,"베르벨라커버아트파운데이션팩트포커버레벨4,피치,,20,G",C,27,4,16,26
10014020003,[TA221VT53P] stitch slim vest-ivory-2,A,62,76,61,161
O9FBCB75110XXX,테일러 미니미 팝 크로스바디 RASPBERRY XXX,C,45,53,33,95
O0SBCB22019XXX,모르간 크로스바디 CARAMEL XXX,B,12,91,7,126
8809823070106,웨이브백 세로형 베이지,A,90,65,48,143
O1SBBC70009XXX,마들렌 버킷 BLACK XXX,C,57,77,86,165
7118409000001,공동체카드 스티커,A,96,8,96,58
CMZ110434,동물마을 쥐돌이,C,23,1,58,85
O1SBSD49009XXX,나디아 숄더 BLACK XXX,A,49,1,96,26
O0FSHT46009235,그리니 하이탑 스니커즈 BLACK,C,82,85,75,36
O2SBCB46149XXX,루키 크랙 크로스바디-BUTTER CREAM,C,50,85,15,246
9791195941162,치매를 위한 작업치료 중재 용어집,B,93,41,39,245
8809653771129,에어퀸 네오마스크(2매)(라이트 코랄)[낱장피킹],B,67,38,46,236
O8FCTS150230FR,SPANGLE POINT T-SHIRT NAVY 0FR,B,67,68,11,284
O9FCLW03023066,SUEDE LONG TRENCH COAT NAVY 066,A,93,65,28,252
NKPM6F835B50120,"KL530BXI, (50)Blue, 120",A,64,45,64,299
8809653771259,에어퀸 에센셜 생리대 슈퍼롱 8P,B,21,84,28,1
CMZ111264,귀엽냥,A,29,33,40,113
10012320001,[TA221JK01P] double breast stripe suit(jacket)-black-0,C,23,82,79,193
CP_HT,CP_하트,C,7,94,96,142
AB-COLF,CO_나뭇잎,A,34,80,36,192
8809738595817,길라 플랜트 세럼 클렌저 위드 사프란 익스트렉트,C,16,88,59,242
O2SPLP16009XXX,맨디 2단 장지갑+BLACK,B,83,9,4,101
CMZ110663,강아지양고기사료,C,78,12,25,266
O0FBCB82004XXX,로티 크로커 크로스바디CREAM,C,64,50,48,273
O1FBCB20146XXX,엘레나 크로스바디 STONE GREY,A,65,19,78,86
CMZ110182,캔디실 막대봉,A,82,87,44,205
CMZ110458,동물의 숲 곰,C,44,14,11,267
O1FPLP15145XXX,데카 1단 장지갑 WAVY BLUE,B,78,1,48,201
O0FBTT84009XXX,로티 새들 토트BLACKXXX,B,2,45,24,33
5287000234511,Elegance Styling Paste Matte Finish 140ml,C,94,6,16,49
8809823070298,다이어리 블랙,B,73,6,82,57
8809309727050,제이엠아르기닌4000,B,60,81,48,228
snfacvt06,사노핏 애플사이다비니거 포스트바이오틱스 6개월 분(1입),C,85,68,66,24
8809653770580,브레스 라이너,B,63,97,29,70
CMZ111531,크라프트 지퍼스탠드5호,B,27,13,94,118
COLOR_TRANS,색칠북_운송,A,71,20,20,45
DOTCP5_5,도트 칼라색칠도안 5종 5매(8절) ,A,46,42,88,11
O0FPAC15004XXX,아크릴체인 토트 스트랩,C,51,46,60,123
RM211S001GN240,마텔 프린트 패턴,B,9,29,81,200
7118409000006,토킹피스 하트(레드),B,62,60,55,289
RM204J007RD,아무르 크리스탈 넥크리스(레드) RED_F,A,33,52,20,112
CMZ110489,고양이 윈도우 해먹4,C,34,75,41,294
900081,CB_사자,A,72,37,86,250
10012320001,[TA221JK01P] double breast stripe suit(jacket)-black-0,B,85,76,68,24
8809733531049,"포인트앤뷰 지문방지 AFG_BLC 룸앤티비 27""W9",A,53,45,99,47
8809653771129,에어퀸 네오마스크(2매)(라이트 코랄)[낱장피킹],A,76,63,40,209
8809823070250,루트백팩 피넛,A,79,47,33,79
0161-010,"켄싱턴 마스터카톤 M [15.4""~17.3""인치]",C,13,99,31,274
8809733531032,"포인트앤뷰 지문방지 AFG_BLC 스탠바이미 27""W9",A,30,83,94,239
900083,CB_기린,B,99,72,41,278
2110GB000,옛새 기프트백(쇼핑백),C,79,56,93,244
8809668703849,비타민C 포뮬러 7포,C,58,2,93,49
O0FPAC05072XXX,솔리드 야니랩WINE,A,17,1,22,31
erg_lucky_paint, 럭키박스_물감세트 ,A,11,24,5,237
CMZ0076,접이식 욕조 (온도측정 노랑),A,38,31,91,169
O2SBCB10009XXX,코지 크로스바디+BLACK,B,59,71,82,67
O8FBCB21043XXX,제라드 크로스바디 SMOKY GREEN XXX,A,55,49,35,254
Half Zip-up L-grey-L,Ballon Half Zip-up (L/grey)(사이즈=L),B,41,47,25,160
RM204P0252PK,플로럴 앤 도트 노쇼삭스 2PK(네온/네이비) BLUE/NAVY_F,B,42,61,66,9
8809664630101,베르벨라 다이아몬드 퍼프 시그니처 포 블랙(국내용),A,32,61,52,10
s0012,사노핏 몽모랑시 타트체리,B,28,96,75,56
AB-CBHT,CB_하트,B,16,1,68,151
O2SBSD14009XXX,아미 숄더_BLACK,C,18,78,41,139
VD-ST-001,악역의 엔딩은 죽음뿐 반투명 프레임 스티커 vol.1,B,38,67,47,283
O2SBTT13009XXX,아미 토트_BLACK,C,2,7,76,285
COLOR_SEA,색칠북_바다동물 ,C,14,88,53,187
OCMSKCR001-V02,오캄 유자 하이드라 멀티 젤크림,A,96,3,97,211
8809990116409,생어성초 어썸에센스,A,25,72,54,217
ADLSKCR001-V01,엘드라뽀 쓰리 세컨 루미너스 크림,C,11,32,1,147
9791197250880,유하다요기초일본어3,C,38,54,76,279
O9FHLW0808100M,LOOSE FIT LEATHER SHIRTS CAMEL 00M,C,90,17,40,199
900004,워터페인트 120ml 8색,B,74,19,82,80
O2SBBC29009XXX,알리 버킷+BLACK,B,59,81,43,60
O1FBCB51009XXX,지지 크로스바디 BLACK,A,9,52,70,24
0081005,PET BED-White,A,95,56,89,77
O1SCPT02042066,CARGO PANTS - KHAKI 066,A,49,88,13,146
7118409000007,토킹피스 사과(그린),A,95,37,7,297
7118409000125,열매 스티커,C,17,75,1,158
Logo Hoody grey-S,로고 후드-그레이 컬러,B,87,43,8,263
O9SBCB81113XXX,로티새들크로스바디 DUSTY MAUVE XXX,A,68,5,81,139
IN-AS-001,인소의 법칙 아크릴 스탠드 A. 은지호,A,17,20,7,70
72SQ-021133,포인트앤뷰 스탠바이미  BLC 27인치,B,18,95,91,16
AB_DP_5CUP,드롭퍼_물통,C,45,16,12,21
900082,CB_코끼리,B,49,64,46,220
7613036957106,스타벅스 하우스 블렌드 10캡슐,A,11,52,99,109
8809653770481,에어퀸 브레스 소형 1팩 (팩피킹),C,63,48,64,61
CMZ110021,마약박스 간장 ,A,7,83,62,108
PP4_DT,PP보드,C,2,36,29,264
9791191687019,유하다요기초일본어6,B,12,66,61,235
RM204J007RD,아무르 크리스탈 넥크리스(레드) RED_F,A,95,95,58,109
O9SSSR78019240,크루니슬리퍼 CARAMEL 240,C,26,43,47,2
O1FBBC61009XXX,율라니 버킷 BLACK,A,54,36,44,99
8809823070397,다담지갑 피넛,B,2,37,33,210
ONF-CB-001,온오어오프 컬렉팅 카드 바인더,C,41,93,34,191
O2SPLP16130XXX,맨디 2단 장지갑+VANILLA CREAM,A,5,99,68,27
DOTCP10_RESCUE,도트 칼라색칠도안 운송_응급10매(8절) ,B,76,94,59,270
O1FPAC03009XXX,QUEEN BLACK,B,17,43,59,255
VD-ML-001,악역의 엔딩은 죽음뿐 아크릴 스탠드 무드등,B,32,14,31,296
O9FSSS01009240,데일즈 스니커즈 BLACK 240,C,47,17,10,233
72SQ-005040,안티포그 오픈페이스,A,17,68,17,255
10003620002,gingham simple short pants-skyblue-M,C,78,87,76,1
CMZ111202,실타래 장난감 7호,A,80,31,49,291
CMZ110465,동물의 숲 악어,C,58,6,80,294
RH-PC-001,악녀는 모래시계를 되돌린다 엽서세트 VOL1.,B,96,71,1,227
RM204H002DY,럭스 벨벳 헤드밴드(그레이) DARK GREY_F,C,31,8,73,25
8809738598603-1,드 메모리아 #07 호이안 (1.2ml),A,39,28,18,199
O9SSDV27062225,데이나 포포 드라이빙슈즈 LAVENDER 225,B,90,38,40,274
72SQ-0100554,"포인트앤뷰 모바일 보안필름 아이폰 12 (5.4"")",A,24,77,83,142
CMZ110595,조개빗오렌지,B,88,53,30,69
900004,워터페인트 120ml 8색,A,78,76,23,203
AB-CBIS,CB_곤충,C,30,95,88,155
900084,CB_독수리,C,93,36,91,244
O1FSSS51009245,Alley Sneakers BLACK,C,25,6,54,252
O1SBSD49130XXX,나디아 숄더 VANILLA CREAM XXX,A,24,88,59,248
O8SCTS15011066,LONG SLV LEATHER PTCH TS GREY 066,C,83,22,7,236
O9SSSR78019235,크루니슬리퍼 CARAMEL 235,B,66,25,67,125
O0FPAC11002XXX,금속체인 토트 스트랩,C,27,42,86,135
O9FSAK22009245,셀럽 엣지 첼시부츠 BLACK 245,B,64,84,53,281
O0FSHT46009245,그리니 하이탑 스니커즈 BLACK,C,13,46,65,98
96542255,미니점착메모지,A,9,60,93,216
8809356270042,스킨미스트,C,58,69,13,106
IN-MS-002,인소의 법칙 문구세트 _반여령,B,7,63,85,183
8809563066643 ,에콜린 젤 클렌저,C,41,47,42,15
CMZ110311,고양이뚜껑화장실그레이,C,70,53,46,5
10009220001,[TA212SK01P] midi pleats skirt-purple-s,B,67,37,93,117
Stripe T/sh-Green-M,스트라이프-그린,A,37,40,39,68
CMZ111677,고양이 창문해먹 미니,B,67,52,54,37
O2SBSD31009XXX,노아 숄더_BLACK,A,21,51,67,205
O0SBCB90004XXX,데이지 크로스바디 CREAM XXX,B,24,26,43,102
O7SSSS01009235,헤리티지 스니커즈 BLACK 235,C,44,93,12,285
72SQ-005070,72스퀘어 안티포그 스프레이,B,90,73,60,136
O1FCLW02132066,LEATHER RUFFLE BOMBER BABY YELLOW,B,42,89,34,282
O0FPAC15004XXX,아크릴체인 토트 스트랩,A,49,1,42,87
Sub0005,쇼핑백,B,13,56,17,96
8809738598641,드 메모리아 #11 타이오 (30ml),A,5,86,78,159
7118409000248,에듀피스 에코백,A,13,23,50,15
O9SSSS23048230,다이너 스니커즈 CLOUD 230,C,36,59,8,209
O1SPHP06147XXX,티라 반지갑 MUD PINK,B,93,57,36,221
AB-CBIS,CB_곤충,A,89,35,67,284
O1FBTT14009XXX,사나 미니 토트+BLACK,A,38,2,7,262
72SQ-021100,포인트앤뷰 BLC 27W9,A,65,27,37,36
CNLCLFO001-V02,뉴 애플 그래뉼 클렌징 폼,A,89,76,56,143
UG-ID-001,녹색전상 증명사진세트 vol.1,C,69,63,45,153
900084,CB_독수리,B,6,44,80,170
0160-04,닥터도넛 흑돼지 펫샐러드,C,86,11,14,44
VD-AF-001,악역의 엔딩은 죽음뿐 아크릴 액자 A.페넬로페,C,96,83,21,228
358122231,XVANCE GP7000 5W30 1L(V),C,94,38,97,243
CNLMULS004-V02,비트윈러브 틴티드 립 #CR01,C,86,90,54,99
20LSOU0OR,"[하울팟]아웃도어 리드줄,F,오렌지",B,31,46,52,264
O1FBCB20142XXX,엘레나 크로스바디 JADE GREEN,C,48,58,59,61
CMZ110199,요술 막대봉,C,11,55,53,165
7118409000231,토킹피스 빅벌새,C,45,44,72,110
CMZ110366,스컹크,A,54,74,89,26
Logo Hoody grey-S,로고 후드-그레이 컬러,C,36,57,61,172
CBR_10,칼라붓10,C,47,56,7,43
AB_CS_MOLI,MS_수련,A,85,2,28,143
O0SPAC02009XXX,램지팟 BLACK XXX,B,21,52,23,105
CMZ110373,아기공룡사우르스 그린,B,91,41,25,278
CMZ111271,애옹냥,A,33,37,71,259
8809653770610,브레스 대형,B,69,72,59,227
8809491945454,길라 롱웨어 립크림 09호,B,73,30,67,70
10003420001,simple lounge wear-skyblue-one size,A,9,13,38,295
ONF-CC-001,온오어오프 컬렉팅카드 vol.1,B,70,71,72,211
CMZ111103,실타래 장난감 10호,B,8,64,9,98
8003753168128,캡슐커피: 일리 네스프레소 호환캡슐 디카페인,B,65,33,69,106
O0SBCB76014XXX,홀리퀼팅 R 크로스바디WARM GREY,B,24,68,83,140
O1SBCB45009XXX,마조렐크로스바디 BLACK XXX,A,89,85,44,225
900097,CV_이삭,C,12,78,38,127
O1FSSO54009245,헤리티지 L 스니커즈 BLACK,C,76,22,33,23
s0015,사노핏 애플사이다비니거 콜라겐,B,34,33,77,176
8809744190235,구디즈 쉴드 KF94 마스크(1매)(그레이/회색),A,98,3,63,167
8809990340224,세탁세제(다목적용),B,58,52,78,174
DEF003,블랙 삼각 덤벨(3kg),C,6,39,36,15
s0019,리밸런스비니거 1L병,B,42,95,10,251
0081010,PET BED-Grey 385,B,57,89,99,93
s0023,마이 애사비 라인 핏 2개월,A,9,10,41,79
O1FBBC27139XXX,카일리 버킷 FOSSIL TAUPE,C,21,83,20,134
O1SBCB68004XXX,세라클 크로스바디 CREAM,A,95,75,44,218
O2SPLP16009XXX,맨디 2단 장지갑+BLACK,B,5,80,95,62
9BDS0000210,그란디디에 다즐링홍차 설탕클렌징세럼 150ML,B,31,16,50,155
8801121768075,[앨리슨]아몬드 브리즈 바나나 190ml 24개입,B,72,49,77,77
O0FBCB43009XXX,루키크로스바디 BLACK,A,11,17,99,6
O1SBCB01009XXX,테일러 글래드 크로스바디 BLACK XXX,B,98,77,27,196
900015,워터페인트 250ml 초록색,B,13,56,74,88
roll,스펀지 롤러,B,61,71,90,91
O1SBBC02009XXX,테일러버킷 BLACK,A,26,78,81,25
8809738603512,드 메모리아 #04 드레스덴,A,63,15,14,292
O2SPCC07157XXX,루시 카드케이스+SUN GREEN,B,52,58,92,103
IN-AK-005,인소의 법칙 아크릴 키링 E. 우주인,A,17,4,70,122
O9SBCB81127XXX,로티새들크로스바디 TRUE NAVY XXX,A,43,97,51,115
BGLMUMA001-V01,벨그림 리치컬링 픽스카라,C,56,92,92,130
O2SBSD14009XXX,아미 숄더_BLACK,C,93,5,1,241
O0SCTS080010FR,HEART EMBROIDERY T-SHIRTS O0SCTS080010FR,A,53,76,53,20
NKPM6S541G0M13000,"K7000GN, M, 130",C,50,52,31,179
AB-COHX,CO_육각형,C,50,76,20,289
O9SSDV27002230,데이나 포포 드라이빙슈즈 SILVER 230,C,33,34,17,280
RM204J014GN,레이 앤 필 스터드 세트 GREEN_,B,89,44,28,109
PLAYTRAY_G,트레이_G,B,23,98,95,81
O1FBCB01009XXX,캐리 크로스바디 BLACK,C,51,99,21,143
COLOR_PR,색칠북_공주,C,46,54,93,89
7118409000262,센터피스(실천),A,46,47,54,185
O8SCTS15009066,LONG SLV LEATHER PTCH TS BLACK 066,B,40,79,66,198
SPIN_P,스핀아트_종이,B,15,78,60,272
DOTCP10_VF(DS),도트 칼라색칠도안 채소과일 접시10매(8절) ,B,31,71,76,72
8809990340262,젖병세정제,A,19,96,56,101
CMZ111257,꺼내줘냥,A,26,39,57,53
10012620001,[TA221PT01P] double breast stripe suit(pants)-blue-0,C,10,28,44,25
72SQ-0020101,72square 데일리 마스크 블랙 L,B,92,37,2,248
0206-5,더액츄얼리 기프트 패키지 적재용,A,49,17,13,267
Logo Hoody L-grey-M,Small Logo Hoody (L/grey)(사이즈=M),C,69,35,83,183
O1SBBC15009XXX,사나 버킷 BLACK XXX,A,26,19,66,79
i0005,아큐민 수용성 커큐민 젤리,A,48,56,39,178
0128-5,알약분배기,A,9,26,5,204
AB-CBLF,CB_나뭇잎,B,88,72,28,299
IN-AK-002,인소의 법칙 아크릴 키링 B. 반여령,B,24,25,52,166
O1FBCB01009XXX,캐리 크로스바디 BLACK,C,66,26,57,145
900085,CB_배,B,26,73,59,143
CMZ110748,우유팩바나나,A,50,68,70,208
72SQ-010113,"포인트앤뷰 개인정보 보호필름 13.3"" W9",B,23,85,46,61
O2SBCB25130XXX,엘프나 미니 크로스바디+VANILLA CREAM,A,7,11,20,268
8809375784872,긁지말개 황태 저키(100G),C,6,3,12,196
O9SCJK140650FR,LIGHTWEIGHT JACKET DUSTY ROSE 0FR,A,7,68,42,73
O1SBBC70130XXX,마틀렌 버킷 VANILLA CREAM XXX,A,90,5,23,57
CNLMUBL006-V02,돔-글 블러셔 #BR01 내추럴브론저,B,46,38,90,170
8809733530974,"포인트앤뷰 종이질감 MAG_BLC S7+ 12.4"" (FE호환)",A,41,44,44,14
O1SBSD57137XXX,마라케시 숄더 BUD GREEN XXX,B,49,5,64,170
Love ya T/sh-M-grey-M,러브야-멜란지 그레이,C,9,50,19,101
O9SPPW45139XXX,헤리티지S폰월렛 FOSSIL TAUPE,B,84,92,75,200
GNGHRSP001-V01,고잉그레이 샴푸 하이 컬러,C,49,86,58,255
O1SBBC70009XXX,마들렌 버킷 BLACK XXX,B,66,25,49,36
O2SBSD36048XXX,바히아 숄더_CLOUD,A,43,99,38,177
10012620001,[TA221PT01P] double breast stripe suit(pants)-blue-0,A,52,38,98,295
ONF-SD-02,온 오어 오프 SD피규어-이영,A,28,15,83,52
NKPM6F835B50120,"KL530BXI, (50)Blue, 120",B,17,12,13,72
O9SSDV27002230,데이나 포포 드라이빙슈즈 SILVER 230,A,5,53,76,12
72SQ-021000,포인트앤뷰 BLC 24W9,A,34,66,77,242
POPMUGL002-V01,팝시노트 피치 다이아몬드,C,86,31,6,272
CP_RT(S),CP_직사각(소),C,9,30,51,88
O2SBCB54009XXX,헬렌 크로스바디_BLACK,B,40,47,10,106
O1SBTT42009XXX,소피아 토트 BLACK,C,78,39,73,244
8809079208209,더퓨어로터스 제주 보태니컬 탈모 샴푸,C,35,50,54,197
O9SSDV27062225,데이나 포포 드라이빙슈즈 LAVENDER 225,A,82,37,90,212
8809285941662,비체스킨 클린미스트(블라썸망고),A,68,52,72,122
8809491944921,길라 플럼핑 립 세럼 #06,C,29,24,70,161
Medium Bag(Tan),미디움 백-탄,A,80,86,58,127
O1FBBC27139XXX,카일리 버킷 FOSSIL TAUPE,B,54,55,10,152
O2SBSD61048XXX,스텔라 숄더_CLOUD,B,67,89,97,213
358122841,ATF6~8(20L),C,9,99,70,192
20LSOU0OR,"[하울팟]아웃도어 리드줄,F,오렌지",A,21,98,78,228
O9FSSS11007245,그리니 스니커즈 PEWTER 245,C,46,10,31,86
MASK_TG,가면_남자 호랑이,B,93,29,85,104
O1SBCB21099XXX,아니스 크로스바디 SKY BLUE XXX,B,90,29,12,210
8809823070359,먼슬리 스티커 4종 세트,A,95,65,76,259
O9FHLW03009044,URBAN CHIC LEATHER JACKET WOMEN BLACK 044,A,83,20,55,109
O1FSSO53031230,헤리티지 스니커즈 DARK GREY,B,29,49,91,201
O2SBSD59044XXX,마라케시 2 숄더_MIDNIGHT,B,4,48,32,193
024463589469,후이펑 스리라차 大 793g,B,53,38,33,83
8809375786487,십일장생 프로젝트(박스),A,80,39,19,87
CNLMULS001-V02,비트윈러브 틴티드 립 #RD01,C,16,60,33,221
8809733530974,"포인트앤뷰 종이질감 MAG_BLC S7+ 12.4"" (FE호환)",C,60,33,18,23
O1FBSD65009XXX,제너 숄더 BLACK,C,82,42,85,83
0214-10,수출 제품 소포장용 2호 박스,C,19,53,44,280
CMZ110113,샤랄라 막대봉 (핑크),C,6,31,67,184
900015,워터페인트 250ml 초록색,C,50,31,42,144
CMZ111240,악수냥,A,13,93,38,163
O1FCLW04009055,LEATHER BLAZER BLACK,A,50,65,53,147
MINI_DOT_6,미니도트_6,B,14,33,43,75
O2FBCB01009XXX,캐리R 크로스바디_BLACK,C,59,84,44,96
BOOK_NO,미니도트북_숫자,A,38,94,21,153
72SQ-010224,"포인트앤뷰 개인정보 보호필름 24"" W9",C,54,51,79,211
O1FBCB39140XXX,빌리 크로스바디 PECAN BROWN,B,97,26,58,138
8809733531278,"포인트앤뷰 지문방지 AFP_BLC S8+ 12.4""",A,55,9,73,205
O1FBCB37048XXX,리사 크로스바디 CLOUD XXX,B,30,16,90,16
O1FPAC20002XXX,스파클 팩 SILVER,C,74,98,55,155
O1FPLP15145XXX,데카 1단 장지갑 WAVY BLUE,B,6,8,86,47
O1SBCB66132XXX,케시 크로스바디 - BABY YELLOW,C,77,61,87,159
CMZ110571,조개빗브라운,C,62,17,23,93
72SQ-0020102,72square 데일리 마스크 블랙 M,A,25,48,15,66
0057-69,슬림핏 트레이닝 셋업 - 블랙,A,39,61,58,123
O1SBBC70009XXX,마들렌 버킷 BLACK XXX,B,3,42,87,228
O1FBBC09009XXX,미셀 버킷 BLACK,A,12,30,43,161
O1SBBP07009XXX,엘리미니백팩 BLACK,A,98,54,52,154
RM204H006GN,클래식 빌라 프린트 스크런치(그린) GREEN_F,A,58,46,86,108
AB-CBSC,CB_허수아비,C,6,74,39,110
7118409000064,가치카드,C,82,23,69,193
8809285941662,비체스킨 클린미스트(블라썸망고),A,9,58,44,296
O2SBSD06009XXX,코니 L 숄더_BLACK,C,8,62,37,240
VD-MK-002,악역의 엔딩은 죽음뿐 금속 키링 B 칼리스토,C,12,11,16,80
O0FCPT210090FR,애플프린트 조거팬츠BLACK,B,6,10,39,232
8809491945478,길라 롱웨어 립크림 11호,A,55,78,6,47
900015,워터페인트 250ml 초록색,C,9,67,67,19
7118409000125,열매 스티커,C,95,79,56,36
8809079201750,더퓨어로터스 연꽃잎 알로에 진정세럼,C,44,32,9,230
RM204S007WH230,윈드레이서 스프리트,C,15,89,62,30
O0FBCB43141XXX,루키크로스바디 LEAF OLIVE,C,19,21,49,110
O8SSDV26009230,데이나 엠보 드라이빙슈즈 BLACK 230,C,55,12,59,178
O9SSDV27062225,데이나 포포 드라이빙슈즈 LAVENDER 225,A,26,87,47,274
72SQ-010117,"포인트앤뷰 개인정보 보호필름 17"" W",C,54,24,38,282
O1FBCB39009XXX,빌리 크로스바디 BLACK,A,64,94,47,73
8809079201750,더퓨어로터스 연꽃잎 알로에 진정세럼,A,49,25,48,282
O0FCTS200090FR,햄버거 프린트 티셔츠BLACK,A,77,29,93,28
5727UUU-002A,"베르벨라파운데이션팩트MY NAME IS BELLA,,,",B,74,26,37,281
O1FBCB44004XXX,루키 LG 크로스바디 CREAM XXX,B,73,20,40,257
O9SSLF35103230,델루카 로퍼 ASH GREY 230,C,83,33,15,156
5727UUU-002A,"베르벨라파운데이션팩트MY NAME IS BELLA,,,",C,85,31,43,51
5727DUL-002A,"베르벨라커버아트파운데이션팩트포커버레벨3,베이지,,20,G",B,38,71,74,210
RM204H005PI,핸드메이드 소프트 셔닐 스크런치(핑크) PINK_F,C,27,39,36,118
8809990414819,웨이브백 M 네이비,B,54,14,15,269
O1FBCB44004XXX,루키 LG 크로스바디 CREAM XXX,C,28,24,84,146
NBPD9S107B19275,"MSX90RPA, (19)Black, 275",C,11,40,1,279
72SQ-010114,"포인트앤뷰 개인정보 보호필름 14"" W9",B,35,79,99,75
8809733530974,"포인트앤뷰 종이질감 MAG_BLC S7+ 12.4"" (FE호환)",C,24,29,61,69
358122031,GOLD PAO(9) 0W30,A,35,42,54,181
O9SPPW45142XXX,헤리티지S폰월렛 JADE GREEN,B,81,68,90,145
mayusample,마유크림 샘플,A,88,2,52,49
O8FBCB21116XXX,제라드크로스바디SHADOW YELLOW,A,97,91,95,15
O9FBCB75110XXX,테일러 미니미 팝 크로스바디 RASPBERRY XXX,B,56,60,91,52
20HAOUMOR,"[하울팟]아웃도어 하네스,M,오렌지",C,31,1,40,190
O9SSDV27002235,데이나 포포 드라이빙슈즈 SILVER 235,C,59,77,64,55
CMZ110113,샤랄라 막대봉 (핑크),A,40,34,27,112
72SQ-005030,안티포그 풀페이스,B,91,52,96,110
O1FPCC04145XXX,티라 1단 카드케이스 WAVE BLUE,B,99,4,70,136
O0FPAC23004XXX,마이크로 로티CREAMXXX,C,85,72,7,115
CMZ0024,크리스마스 쿠키,A,64,2,95,45
8809990116409,생어성초 어썸에센스,A,20,51,31,94
stamp_2,스탬프2종,A,7,1,64,33
AB-COST,CO_별,B,47,34,88,224
O1FPHP13009XXX,넬리 반지갑 BLACK,C,76,5,75,71
O9FSSS07115235,누볼라 스니커즈 MISTY NAVY 235,C,18,44,47,35
CMZ110519,스테인레스 끈 가로용,C,43,59,20,167
10013820002,[TA221VT53P] stitch slim vest-black-1,A,87,11,65,146
8809079201743,더퓨어로터스 연꽃잎 슬리핑팩,C,13,51,47,222
O2SBCB01048XXX,레아 크로스바디+CLOUD,C,4,49,29,148
CP_HT,CP_하트,C,30,38,73,221
7118409000008,토킹피스 사과(레드),A,64,80,14,277
AB_CS_VRGP,MS_진주귀걸이,C,81,98,47,176
TRAY_YL,공작판_노랑,A,46,57,58,283
O2SBTT11009XXX,코지 토트+BLACK,B,48,89,16,110
O1SCPT02042055,CARGO PANTS - KHAKI 055,B,51,61,24,244
2101FD011,옛새 피그드레스 오 드 퍼퓸 11ML,A,67,76,84,267
O9SSSR78019235,크루니슬리퍼 CARAMEL 235,A,52,76,64,65
8801121025932,[앨리슨]아몬드 브리즈 뉴트리플러스 식이섬유 190ml 24개입,C,33,25,16,52
CBR-YL,칼라붓_노랑,C,41,81,24,69
CMZ111356,반팔티베이지,B,48,74,56,298
O9FSSS01009235,데일즈 스니커즈 BLACK 235,A,46,7,23,227
CMZ110564,쥐돌이 창문 장난감,C,43,76,44,46
IN-SS-001, 인소의 법칙 수면안대 A단이,B,38,36,77,148
8809505031425,샤르드 86%하와이 해양심층수 앰플미스트,A,2,3,98,169
AB-CBDS,CB_공룡,B,74,79,36,161
RM204S007WH230,윈드레이서 스프리트,C,93,28,76,106
A0001,아큐민 수용성 커큐민 정제 1개월,A,23,72,65,77
8809823070304,다이어리 아이보리,B,99,13,5,178
Half Zip-up L-grey-M,Ballon Half Zip-up (L/grey)(사이즈=M),B,55,3,9,291
9791191687002,유하다요기초일본어5,B,91,41,17,166
AB-COTR,CO_나무,C,5,47,28,99
RM204J009WH,스타버스트 스터드 이어링 WHITE_F,B,16,56,86,25
Short Pants M-grey-L,반바지-그레이 컬러,A,70,47,32,159
O9SBCB81028XXX,로티새들크로스바디 BANANA XXX,A,96,70,5,230
CMZ110496,쇠 흡착판,A,66,56,78,247
CMZ110366,스컹크,A,19,78,87,235
72SQ-021144,포인트앤뷰 룸앤티비 BLC 27인치,B,46,42,28,57
9791197250842,원어민 섀도잉 회화 2,A,31,25,81,112
O1FPLP15145XXX,데카 1단 장지갑 WAVY BLUE,C,20,16,30,180
8809389351718,에콜린 마마스 케어크림 ,A,63,29,80,57
Stripe T/sh-Navy-S,스트라이프-네이비,B,51,40,62,61
CMZ110205,깃털 낚시대,B,32,65,24,22
Sweatshirts Black-XL,Ballon Sweatshirts (Black)(사이즈=XL),A,81,60,11,7
CMZ110281,벨크로2,C,58,57,78,194
O1SBSD59240XXX,브리즈숄더 LATTE BEIGE XXX,B,38,75,10,247
CMZ111349,반팔티밤색,A,19,68,57,71
O2SPLP16009XXX,맨디 2단 장지갑+BLACK,A,79,80,76,162
VD-TG-001,악역의 엔딩은 죽음뿐 티골드 vol.1 페넬로페,C,27,62,3,252
NKPM5S540E0M15000,"K2005GRG, M, 150",C,17,37,88,30
O9FSAK22009250,셀럽 엣지 첼시부츠 BLACK 250,A,43,45,94,243
10012420001,[TA221JK01P] double breast stripe suit(jacket)-blue-0,A,97,25,47,259
CMZ0081,아이스크림 차 ,C,56,83,72,238
O8FSSR57074230,몰턴 뮬 BUTTER 230,C,98,21,4,150
O9FSSS11009235,그리니 스니커즈 BLACK 235,C,12,14,17,101
8809393501130,프루낵 다크 초코 20개입,B,67,59,46,172
8809823070410,다담지갑 레몬,A,2,38,70,278
IN-AK-001,인소의 법칙 아크릴 키링 A. 함단이,B,40,5,78,61
AB-DP5_A,드롭퍼세트5-A(비닐포장),C,2,51,36,135
CMZ110779,도미,C,52,93,20,257
O0SBCB90004XXX,데이지 크로스바디 CREAM XXX,A,24,90,2,140
Sunday T/sh-Ivory-M,선데이-아이보리,B,64,37,42,190
O1FSSS51003235,Alley Sneakers IVORY,B,97,3,3,256
O1SBTT42130XXX,소피아 토트 VANILLA CREAM,A,43,65,40,297
O1SBCB27130XXX,알리 크로스바디 VANILLA CREAM XXX,A,98,41,16,298
0057-75,new 로고티 - 블랙,B,7,46,71,73
O2SBTT58048XXX,델라 토트_CLOUD,B,65,28,25,74
5727DUL-002A,"베르벨라커버아트파운데이션팩트포커버레벨3,베이지,,20,G",A,22,3,86,44
8809772780095,제주 연꽃잎 무실리콘 중건성 샴푸 260ml,C,59,58,94,144
O1FCLW010090FR,LEATHER MOTO JACKET WOMAN BLACK,B,76,29,51,70
CMZ111448,긴바지베이지,A,7,96,79,253
CMZ0042,강아지 우비 2XL,C,36,17,37,262
O1FBTT43009XXX,아멜리아 토트 BLACK,B,62,78,82,194
10008220002,[TA212JK01P] power shoulder single tailored suit(jacket)-black-1,B,55,28,17,50
96542255,미니점착메모지,C,72,15,31,46
O1FPHP13009XXX,넬리 반지갑 BLACK,A,37,95,56,144
O9FSSS11007230,그리니 스니커즈 PEWTER 230,C,93,76,97,89
O1FBTT70231XXX,엘프나 토트 DEEP GREEN,B,38,62,55,165
8809653771112,에어퀸 네오마스크(2매)(스타일리쉬 네이비)[낱장피킹],B,98,64,68,187
0214-60,더퓨어로터스 발효에센스 하늘색 엽서,A,28,17,93,141
900019,워터페인트 250ml 분홍색,C,13,20,63,15
O0SBCB22048XXX,모르간 크로스바디 CLOUD XXX,A,96,19,6,230
Sweat Pants L-grey S,Ballon Sweat Pants (L/grey)(사이즈=S),C,31,53,26,134
CMZ110694,고양이연어고기사료,A,34,42,1,90
8809079201743,더퓨어로터스 연꽃잎 슬리핑팩,A,4,42,34,226
O2SBCB46149XXX,루키 크랙 크로스바디-BUTTER CREAM,B,11,71,15,268
CMZ110182,캔디실 막대봉,C,18,35,77,29
9791197250897,유하다요기초일본어4,B,78,80,64,75
AB-COFL,CO_꽃,B,38,5,56,26
CMZ110625,냥이월드 갈매기,A,31,20,7,254
CMZ0076,접이식 욕조 (온도측정 노랑),C,41,33,66,286
8809491945485,길라 롱웨어 립크림 12호,B,58,62,23,66
8801121763964,[앨리슨]아몬드 브리즈 언스위트 950ml ,B,55,61,63,237
NBPD7F804W10265,"MRL247WR, (10), 265",A,33,33,97,280
O8FBCB21116XXX,제라드크로스바디SHADOW YELLOW,C,89,72,42,146
10003220001,linen bermuda pants-skyblue-S,A,12,44,68,234
O0SBBC47019XXX,모르간 버킷 CARAMEL XXX,A,86,75,89,254
O0SPPW22124XXX,뉴 헤리티지 폰월렛 BABY ROSE XXX,A,94,79,38,97
8809491945478,길라 롱웨어 립크림 11호,A,33,32,26,98
8809393500928,프루낵 화이트 초코 12개입,B,13,65,66,226
O9FSSS11007245,그리니 스니커즈 PEWTER 245,C,90,36,9,24
O1FBSD68009XXX,그레타 숄더 BLACK,B,2,20,28,56
Short Pants M-grey-L,반바지-그레이 컬러,C,93,22,59,149
O2SBSD61048XXX,스텔라 숄더_CLOUD,B,24,96,89,71
9791197250866,유하다요기초일본어1,A,39,82,45,54
O0FCTS200090FR,햄버거 프린트 티셔츠BLACK,C,95,49,13,113
RM212S002IV230,RM212S002IVORY,C,75,80,96,297
IN-AK-003,인소의 법칙 아크릴 키링 C. 은지호,C,24,50,43,172
8809222849433,더퓨어로터스 보태니컬 톤업 크림,C,60,23,92,144
1KSENV,스타아이드 키링(네이비),A,93,75,94,203
O1SBTT61130XXX,아난토트 VANILLACREAM XXX,C,17,50,41,293
AB-DP5_A,드롭퍼세트5-A(비닐포장),A,66,83,87,131
COLOR_HR,색칠북_영웅,C,77,12,15,56
AB_PCY,칼라컵_노랑,B,61,73,10,198
72SQ-021133,포인트앤뷰 스탠바이미  BLC 27인치,A,30,12,36,267
O9FSSS11007235,그리니 스니커즈 PEWTER 235,C,78,25,43,165
8809657119231,길라 롱웨어 디디 쿠션 #02,A,90,14,26,264
CMZ111531,크라프트 지퍼스탠드5호,C,39,1,88,106
O1SBTT46240XXX,마조렐토트 LATTE BEIGE XXX,A,61,67,44,247
CMZ110526,스테인레스 끈 1개,C,74,54,72,151
CNLCLFO001-V02,뉴 애플 그래뉼 클렌징 폼,A,67,11,54,36
CNLMULS009-V01,플러피 벨벳 립 무스 #OR01,A,84,5,11,64
900053,페인트패드,C,48,80,91,245
8809079204102,더퓨어로터스 제주 연꽃잎 & 동백 미스트,A,13,51,72,116
O1FBSD65130XXX,제너 숄더 VANILLA CREAM,C,78,46,93,278
O9SSDV27002225,데이나 포포 드라이빙슈즈 SILVER 225,C,25,36,35,37
O2SBSD51009XXX,달리 숄더_BLACK,C,83,7,94,51
s0026,마이 애사비 라인핏 12개월 (2입),B,4,98,93,9
RM204H002OG,럭스 벨벳 헤드밴드(올리브) OLIVE GREEN_F,A,67,72,37,279
RM204H009BR,마블 헤어밴드 BROWN _F,A,9,81,3,140
RM204J005BL,오팔 링 앤 넥크리스 세트(블루) BLUE_F,B,28,65,15,50
s0016,사노핏 엘라스틴 콜라겐,A,66,17,62,85
10013320003,[TA221KT23P] color block cashmere knit-brown-2,A,75,22,56,235
9791191687019,유하다요기초일본어6,C,22,22,56,230
9791196894474,고급 한자 교재2,B,89,40,85,200
TRAY_WT,공작판_흰색,C,57,24,1,13
2101MS050,옛새 미드데이쇼크 오 드 퍼퓸  50ML,C,22,53,34,122
10003320002,combine jacket-navy-M,A,17,89,38,3
72SQ-0010101,72square 스타일 마스크 매쉬 블랙 L,A,38,66,36,206
8809393501208,프루낵 요구르트 초코 20개입,B,61,41,81,193
O0FPPW25009XXX,티나 폰 월렛BLACKXXX,C,14,58,9,7
8809653770856,"(2매)에어퀸 비말차단마스크 ""낱장피킹!!""",B,47,50,97,223
O0SBSP37048XXX,줄리앙 쇼퍼 CLOUD XXX,B,9,5,91,51
NBPD8S530W10260,"U520DA, White, 260",B,13,3,43,94
O1FBCB47145XXX,졸리 크로스바디 WAVE BLUE,B,46,18,97,96
CMZ111752,리포아란 앰플 1EA,A,71,6,37,78
CP_RT(S),CP_직사각(소),A,62,48,95,153
O0FBTT84009XXX,로티 새들 토트BLACKXXX,C,72,99,55,176
1140040111005,칫솔케이스-핑크,B,67,87,68,134
O1SBBC02130XXX,테일러버킷 VANILLA CREAM,A,48,10,28,176
O1FBBC16009XXX,셀레나 버킷 BLACK,C,3,1,19,207
72CP-010227,"개인정보 보호필름 27"" W9_쿠팡제트배송",B,11,56,19,263
900065,반고흐방도안/8절/10매,B,14,49,88,212
20LSOU0YE,"[하울팟]아웃도어 리드줄,F,엘로우",B,89,97,46,179
ONF-CB-001,온오어오프 컬렉팅 카드 바인더,B,70,25,75,29
8809657119224,길라 롱웨어 디디 쿠션 #01,B,64,31,68,106
900093,CV_생명의나무,C,38,4,69,276
8809793590222,이즈프럼 트랩워터 모어라이크 에센스,B,91,98,95,133
8809653770856,"(2매)에어퀸 비말차단마스크 ""낱장피킹!!""",C,61,73,5,61
A0003,아큐민 수용성 커큐민 정제 6개월,C,51,2,86,27
8809793590178,쓰리블랜드오일 미니 골든 ,A,71,48,20,174
O0SBCB79048XXX,첼시 크로스바디 CLOUD,C,2,1,60,58
1019,EK샘플 모이스쳐인텐시브스킨,C,85,16,92,31
 JRD_DOT2_AP ,도트마카북세트,A,10,69,19,186
CMZ110038,마약박스 냥이버스,A,15,68,74,158
O9FHLW03078055,URBAN CHIC LEATHER JACKET WOMEN BEIGE 055,A,76,89,37,100
IN-AS-004,인소의 법칙 아크릴 스탠드 D. 권은형,B,7,77,49,206
0057-73,new 로고티 - 그레이,C,99,4,44,258
CMZ110045,마약박스 냥이트럭,A,68,63,90,277
O1FBCB01009XXX,캐리 크로스바디 BLACK,A,62,60,26,288
O0SPPW22124XXX,뉴 헤리티지 폰월렛 BABY ROSE XXX,A,93,45,70,256
O1SBSD10009XXX,미나 숄더 BLACK XXX,B,13,81,81,28
O9FSSS11009230,그리니 스니커즈 BLACK 230,B,9,65,3,201
0057-76,new 로고티 - 카키,B,40,57,59,181
8809990414840,핸들 스트랩 노트북 파우치 M 피넛,B,79,41,8,228
CMZ110144,방울 캔디주머니 막대봉,A,3,17,83,223
O0SBSD81009XXX,마고 숄더 BLACK XXX,B,45,96,61,52
8809744190112,(1매)구디즈 KF94 마스크(화이트/흰색),A,76,55,72,253
7118409000006,토킹피스 하트(레드),B,33,6,81,258
CMZ110212,레알 나비 막대봉 (루비),A,57,83,74,42
SFWJPO01,부먹찌먹탕수육 팝콘색,A,54,94,37,177
O1SBCB35009XXX,바히아 크로스바디_BLACK,B,14,35,95,34
ONF-SD-01,온 오어 오프 SD피규어-대형,B,61,48,70,160
8801121768075,[앨리슨]아몬드 브리즈 바나나 190ml 24개입,B,27,24,14,248
Love ya T/sh-M-grey-L,러브야-멜란지 그레이,A,60,57,10,236
8003753158679,캡슐커피: 일리 네스프레소 호환캡슐 클라시코,B,23,13,68,209
AB_CORD,CO_원(솜),C,85,44,47,163
s0029,사노그래프 컷앤아웃 애사비 구미,A,99,6,7,9
O1FSSO53031245,헤리티지 스니커즈 DARK GREY,C,65,70,46,1
72SQ-005070,72스퀘어 안티포그 스프레이,C,97,80,92,227
O0FPAC23004XXX,마이크로 로티CREAMXXX,B,28,8,3,58
CMZ110137,방울 꿈틀이 막대봉,B,95,28,74,231
O0SBCB17009XXX,로페즈 크로스바디 BLACK XXX,B,6,42,37,280
ONF-SD-01,온 오어 오프 SD피규어-대형,B,83,19,32,279
O0FBSD95004XXX,리브숄더CREAM,B,66,71,41,278
IN-AK-004,인소의 법칙 아크릴 키링 D. 유천영,A,29,26,13,293
7118409000156,서클약속카드,A,93,20,59,17
8809733531216,"포인트앤뷰 종이질감 MAG_BLC LG 그램360 16""W",A,22,65,90,68
IN-AK-003,인소의 법칙 아크릴 키링 C. 은지호,B,9,53,36,101
AB_CS_VGSF,MS_해바라기,B,98,30,1,52
EVA_BOY,렛츠페인트 물감찍기 (남아용)하늘색,A,69,6,63,25
CMZ0004,회색 모래삽,A,59,5,76,95
AB_COMAN,CO_사람(솜),C,78,18,22,141
O1FBSP53009XXX,지지 쇼퍼 BLACK,C,57,22,82,297
O1FBTT70009XXX,엘프나 토트 BLACK,B,46,38,68,89
CMZ110700,고양이오리고기사료,C,87,87,57,138
A0003,아큐민 수용성 커큐민 정제 6개월,A,57,95,52,149
BL2101,버튼립스틱 01.엘레강스레드,C,96,44,33,216
O8SSDV26009225,데이나 엠보 드라이빙슈즈 BLACK 225,C,54,99,25,269
10013920002,[TA221VT53P] stitch slim vest-brown-1,B,37,84,67,134
O2SBCB54130XXX,헬렌 크로스바디_VANILLA CREAM,C,21,22,13,251
s0030,사노그래프 린앤컷 마이 애사비 구미,B,63,18,16,172
DOTBOOK_AP,렛츠도트 알파벳,C,27,8,28,217
O2SBCB16009XXX,사나 크로스바디+BLACK,A,17,14,66,198
O9SSSN72037245,데이나샌들 PALE BLUE 245,A,36,24,48,130
10013620002,[TA221JK52P] stitch slim jacket-brown-1,A,49,21,36,210
O1FBBC27017XXX,카일리 버킷 LAVA RED,C,26,27,83,288
72CP-010227,"개인정보 보호필름 27"" W9_쿠팡제트배송",C,98,61,28,297
O7SSSS01009235,헤리티지 스니커즈 BLACK 235,C,39,37,47,41
CMZ110281,벨크로2,B,90,17,52,155
O2SBTT34133XXX,바히아 캔버스 미니 토트_SAND BROWN,C,77,7,26,36
O0FBCB82009XXX,로티 크로커 크로스바디BLACK,B,94,86,71,192
8809733531124,"포인트앤뷰 종이질감 MAG_BLC 에어4세대 10.9""",C,59,7,95,209
O0FCTS181280FR,다이닝 프린트 맨투맨 티셔츠MELANG WHITE,A,31,81,50,42
CMZ110731,우유팩딸기,A,81,18,51,289
DOTCP5_5,도트 칼라색칠도안 5종 5매(8절) ,B,72,83,83,39
8809563066643 ,에콜린 젤 클렌저,A,3,46,81,125
O2SBSD51009XXX,달리 숄더_BLACK,A,32,59,39,275
CMZ110571,조개빗브라운,B,4,9,37,190
LSSS21B004BM,스위치백 크로커 블루미스트,B,96,2,78,110
O2SPCC07009XXX,루시 카드케이스+BLACK,B,63,39,40,244
111222,박스,C,57,51,69,187
SPIN_PP2,스핀_PP2(흰색과 검은색),C,63,2,95,56
O0FPCC28009XXX,데카 아코디언 카드케이스BLACKXXX,B,44,51,92,224
s0011,사노핏 사과초모식초 파우더 50g,B,36,11,52,250
8801121768075,[앨리슨]아몬드 브리즈 바나나 190ml 24개입,A,51,49,11,34
AB-CBSC,CB_허수아비,C,31,26,53,52
20HAOUMBR,"[하울팟]아웃도어 하네스,M,브라운",B,52,36,80,30
RM204H002DY,럭스 벨벳 헤드밴드(그레이) DARK GREY_F,C,47,72,23,81
O1FBCB01009XXX,캐리 크로스바디 BLACK,A,84,88,13,3
7118409000231,토킹피스 빅벌새,B,89,49,50,264
ROLL46W,롤지_46W,A,59,13,82,241
CMZ110373,아기공룡사우르스 그린,B,1,14,4,84
O9FSAK22009245,셀럽 엣지 첼시부츠 BLACK 245,C,20,60,35,232
CMZ110786,고양이 창문 장난감,A,47,73,46,189
O9SSDV27002235,데이나 포포 드라이빙슈즈 SILVER 235,B,11,99,16,57
8809465970307,은가비 감귤과즐,C,95,32,36,246
8802863124532,제이엠 비컴포르테,A,55,70,67,293
MTFMUFD001-V01,민트팩토리 원 드롭 셋-업 파운데이션21 래스팅 아이보리,C,45,2,98,22
O0SBCB24123XXX,로스코 미니 크로스바디 PARADISE XXX,A,10,28,74,214
0206-5,더액츄얼리 기프트 패키지 적재용,A,73,44,52,177
0159-007,MOCAR 티셔츠 (화이트M),C,86,67,79,228
O0SBCB22048XXX,모르간 크로스바디 CLOUD XXX,A,92,54,24,284
O2SBCB16009XXX,사나 크로스바디+BLACK,B,50,58,14,28
RM204J012PC,하트 스테이트 펜던트 넥크리스 PEACH_F,A,20,44,32,235
7118409000008,토킹피스 사과(레드),B,55,55,29,70
Sub0005,쇼핑백,B,93,56,48,75
O0FBSD95127XXX,리브숄더TRUE NAVY,C,41,55,85,257
NBPA7F803E1522000,"CRT300ME, (15)Gray, 220",A,39,20,66,132
8809679580019,캐칭환 아웃박스(10포),C,51,71,36,215
0081008,PET BED-Green,A,47,31,63,100
900006,워터페인트 250ml 5색,A,66,64,15,20
8809823070298,다이어리 블랙,B,27,84,59,2
O1FBSD23147XXX,스파클 숄더 MUD PINK,C,96,87,88,32
O2SBSD31048XXX,노아 숄더_CLOUD,C,91,99,49,242
LFW21LBK,프레즐 라지 블랙,C,23,15,22,104
O8FBCB21116XXX,제라드크로스바디SHADOW YELLOW,C,7,10,37,7
8809653771143,에어퀸 네오마스크(2매)(애쉬 그레이)[낱장피킹],B,55,35,6,111
ONF-SD-02,온 오어 오프 SD피규어-이영,B,91,45,73,161
O8FCDR140090FR,MOROCCAN STAR PATTERN DRESS BLACK 0FR,B,10,20,77,42
O0SBCB79048XXX,첼시 크로스바디 CLOUD,B,20,25,40,235
O0FPAC12002XXX,금속체인 토트 스트랩_SILVER,C,49,86,96,154
Sweatshirts Black-XL,Ballon Sweatshirts (Black)(사이즈=XL),B,77,61,73,29
72SQ-010117,"포인트앤뷰 개인정보 보호필름 17"" W",C,58,84,16,285
CMZ110700,고양이오리고기사료,B,22,85,93,164
s0029,사노그래프 컷앤아웃 애사비 구미,A,2,82,17,102
O1SBTT61130XXX,아난토트 VANILLACREAM XXX,B,97,98,79,190
900086,CB_자동차,C,20,1,10,35
8809653771211,에어퀸 에센셜 생리대 롱라이너 20P,B,68,42,57,162
72SQ-021122,포인트앤뷰 거치형 BLC 27W9,C,34,22,51,164
8809793590178,쓰리블랜드오일 미니 골든 ,A,27,48,1,156
AB_CORD,CO_원(솜),C,52,53,15,254
O2SBSD36009XXX,바히아 숄더_BLACK,B,46,3,99,272
AB_CS_VRGP,MS_진주귀걸이,B,99,10,12,112
RM204J011MT,플로라 포스트 이어링 MULTI_F,C,31,13,24,10
4100014111000,뚜레쥬르 파우더수납장,B,75,61,19,146
CMZ110434,동물마을 쥐돌이,C,93,22,39,23
O9SBCB21061XXX,다이너 크로스바디 CINNAMON XXX,C,5,21,22,269
O0FBTT84009XXX,로티 새들 토트BLACKXXX,A,36,30,55,264
8809639173107,길라 사프란 톤업 데이 크림,A,53,43,32,136
10013020002,[2차 리오더] [TA221JK04P] snow white classic jacket-navy-1,C,22,79,77,261
O1FSSS51009240,Alley Sneakers BLACK,A,29,80,89,94
O2SBSD31009XXX,노아 숄더_BLACK,B,29,76,44,293
O2SBSD14152XXX,아미 숄더_STOCK PURPLE,B,2,50,44,1
CMZ110656,냥이월드 침대,A,47,28,29,219
0133-12,사은품 쇼핑백,C,34,20,42,173
O0SBCB22048XXX,모르간 크로스바디 CLOUD XXX,C,90,16,42,154
RM204H006GN,클래식 빌라 프린트 스크런치(그린) GREEN_F,C,66,88,45,98
O0FPCC28004XXX,데카 아코디언 카드케이스CREAMXXX,C,92,87,13,292
7118409000033,토킹피스 물방울,C,4,95,51,239
O1FBSD10009XXX,미셀 숄더 BLACK,B,34,91,18,145
8809436850041,에포나 릴렉싱 딥 모이스처 데일리 크림,B,77,77,60,72
7118409000003,나무 포스터,A,26,68,6,280
8809653771112,에어퀸 네오마스크(2매)(스타일리쉬 네이비)[낱장피킹],C,41,21,69,205
O2SBTT34133XXX,바히아 캔버스 미니 토트_SAND BROWN,A,98,12,37,75
O1SBCB27009XXX,알리 크로스바디 BLACK XXX,B,3,36,3,225
MINI_DOT_12,미니도트_12,C,29,48,10,45
8809653770733,에어본마스크 성인용(10매),A,16,6,47,160
8000070043206,원두커피: 2. 라바짜 골드셀렉션,B,63,91,92,153
8809733531247,"포인트앤뷰 종이질감 MAG_BLC S8+ 12.4""",B,95,52,15,3
7118409000231,토킹피스 빅벌새,B,69,71,47,169
O1FCLW04009066,LEATHER BLAZER BLACK,B,28,85,63,278
O0FCCT25009077,후드 벨티드 울 코드 BLACK 077,B,6,96,91,69
NKPM5S540E0M14000,"K2005GRG, M, 140",C,50,4,69,13
8809823070274,비스킷롤M 피넛,A,39,16,21,107
CMZ110694,고양이연어고기사료,C,12,7,37,101
8809653770627,브레스 나이트,B,46,32,2,178
LFW21SLG,프레즐 스몰 라이트그레이,A,44,68,3,291
CMZ110229,레알 나비 막대봉 (바이올렛),A,29,21,18,118
10012420002,[TA221JK01P] double breast stripe suit(jacket)-blue-1,A,12,21,43,114
CMZ110243,고양이 터널1(T자형),A,56,66,6,116
O1SBCB01130XXX,테일러 글래드 크로스바디 VANILLA CREAM XXX,C,24,71,43,268
CMZ110892,발톱깎기핑크,A,71,23,25,103
CMZ111462,긴팔티네이비,C,86,43,4,293
O1FPAC20002XXX,스파클 팩 SILVER,A,37,69,46,227
O2SPCC07130XXX,루시 카드케이스+VANILLA CREAM,A,40,96,77,165
0210SET1,"크림세트A-크림 3,비누 2,크림샘플 1",B,88,40,77,13
BGLMUMA003-V01,벨그림 스키니 컬 픽스카라 브라운,C,67,61,19,91
8809497140259,길라 사프란 톤업 리페어 크림,C,93,8,98,185
O1FPLP15009XXX,데카 1단 장지갑 BLACK,C,15,69,41,55
CNLMUBL005-V02,돔-글 블러셔 #HL01 내추럴하이라이터,C,57,58,70,103
8809990116409,생어성초 어썸에센스,A,83,98,96,106
DEF000,블랙 플레이트 세트(5kg),B,23,20,15,31
O1SBCB35118XXX,바히아 크로스바디 TOFFEE TAN XXX,C,49,6,67,298
WP_60ml_5,물감5색60ml,B,52,48,97,189
CMZ111448,긴바지베이지,C,47,59,22,173
O9FSSS11007245,그리니 스니커즈 PEWTER 245,B,44,74,11,94
RM204J005BL,오팔 링 앤 넥크리스 세트(블루) BLUE_F,C,96,47,55,67
2130001111007,레지옹-다크브라운,B,10,93,13,215
RM204J007LI,아무르 크리스탈 넥크리스(라이트 핑크) LIGHT PINK_F,A,61,49,35,102
8809733531094,"포인트앤뷰 지문방지 AFP_BLC 프로5세대 M1 12.9""",A,93,82,31,297
O9SSLF35103230,델루카 로퍼 ASH GREY 230,B,30,31,60,263
O8SCTS15009066,LONG SLV LEATHER PTCH TS BLACK 066,A,98,67,20,82
O2SPCC08130XXX,루시 지퍼돌이 카드케이스+VANILLA CREAM,A,3,51,13,119
CBR_10,칼라붓10,B,27,62,2,187
8809653771228,에어퀸 에센셜 생리대 중형 18P,B,22,66,39,19
0159-008,MOCAR 티셔츠 (화이트XL),C,44,13,80,173
PP204P0406PK,Rainbow socks 6pack for baby,C,81,10,72,183
O1FBCB37231XXX,리사 크로스바디 DEEP GREEN,A,5,49,53,113
8809563068357 ,베지크 슈퍼 리페어링 세럼,A,24,51,46,23
O2SBSD39151XXX,벨 숄더_SWEET GREEN,A,92,73,62,231
DOTCP5_5,도트 칼라색칠도안 5종 5매(8절) ,B,50,7,99,218
0161-013,"켄싱턴 마스터카톤 XXL [25""~30""인치]",C,49,59,61,272
72SQ-010113,"포인트앤뷰 개인정보 보호필름 13.3"" W9",A,99,7,33,69
O1SBTT42009XXX,소피아 토트 BLACK,C,48,96,51,196
O1SCLW05009066,LEATHER SHORT JACKET - BLACK,C,28,80,57,90
RM204J005BL,오팔 링 앤 넥크리스 세트(블루) BLUE_F,A,44,76,8,160
CMZ111707,멀티캣 고양이 해먹,B,71,23,2,287
CMZ110076,마약박스 오렌지,C,29,53,25,250
72SQ-010119,"포인트앤뷰 개인정보 보호필름 19"" W",C,32,97,62,271
7118409000019,토킹피스 벌새,B,78,70,23,273
O1SBCB35118XXX,바히아 크로스바디 TOFFEE TAN XXX,B,84,39,21,61
O0FCPT210090FR,애플프린트 조거팬츠BLACK,A,40,25,99,289
IN-AK-006,인소의 법칙 아크릴 키링 F. 권은형,A,51,24,3,262
CMZ110151,무지개 막대봉,A,84,18,32,128
20LSOU0BE,"[하울팟]아웃도어 리드줄,F,베이지",B,68,1,83,264
O1FSSS51003230,Alley Sneakers IVORY,B,44,46,51,76
0161-012,"켄싱턴 마스터카톤 XL [22""~24""인치] ",A,33,39,30,183
8809823070106,웨이브백 세로형 베이지,A,17,60,60,13
s0024,마이 애사비 라인 핏 구미,A,6,55,63,76
Half Zip-up L-grey-M,Ballon Half Zip-up (L/grey)(사이즈=M),B,84,59,37,55
Short Pants Green-L,반바지-그린 컬러,C,85,90,79,285
O2SBSD36048XXX,바히아 숄더_CLOUD,A,16,12,46,186
0159-008,MOCAR 티셔츠 (화이트XL),C,5,49,64,274
5727UUU-003A,"베르벨라파운데이션팩트SIGNATURE,,,",A,98,34,74,18
O1SBTT32103XXX,로즈버드 토트 ASH GRAY XXX,B,39,10,46,293
AB-COCAR,CO_자동차,B,24,25,60,23
RM212W009NYM,선드라이 스퀘어넥 린넨 드레스,A,21,81,64,119
AB-COLF,CO_나뭇잎,C,70,18,28,213
O9SPPP33062XXX,엘드리지 여권지갑 LAVENDER XXX,B,30,84,50,16
IN-TP-001, 인소의 법칙 태피스트리,C,95,49,96,178
AB-CBHT,CB_하트,B,11,71,81,197
O1FBSD06139XXX,제인숄더 FOSSIL TAUPE,C,40,7,75,101
O1SPCC07009XXX,티라 카드케이스 BLACK XXX,C,69,57,80,175
8809653771211,에어퀸 에센셜 생리대 롱라이너 20P,C,13,71,42,159
900053,페인트패드,A,54,99,93,214
8809744190235,구디즈 쉴드 KF94 마스크(1매)(그레이/회색),A,89,57,34,277
8809393501147,프루낵 화이트 초코 5개입,A,68,45,14,125
CMZ111318,세트 8종,B,46,84,31,179
O9SBCB81150XXX,로티 새들 크로스바디+SPACE BLUE,A,92,49,1,133
NS241408,논현동 영양 삼계죽,A,56,6,5,124
RH-PC-001,악녀는 모래시계를 되돌린다 엽서세트 VOL1.,C,24,31,1,106
72SQ-010221,"포인트앤뷰 개인정보 보호필름 21.5"" W9",B,60,84,50,46
O2SPHP17130XXX,맨디 반지갑+VANILLA CREAM,A,55,80,27,82
O0FBCB82004XXX,로티 크로커 크로스바디CREAM,B,38,88,34,239
8809614952611,더퓨어로터스 연꽃잎 마스크 피부진정 앤 미백 [1box/5ea],B,10,15,96,238
O1FBSD10009XXX,미셀 숄더 BLACK,A,14,78,83,237
O9FSSS11009235,그리니 스니커즈 BLACK 235,A,38,96,86,192
O1FBSD10009XXX,미셀 숄더 BLACK,C,73,96,21,223
O1SBTT37009XXX,아미나 토트 BLACK,C,37,84,40,180
CNLMUBL006-V02,돔-글 블러셔 #BR01 내추럴브론저,A,15,31,80,179
CNLMULS009-V01,플러피 벨벳 립 무스 #OR01,B,42,5,58,286
CMZ111684,지퍼숨숨집S,A,32,48,12,99
0133-21,액상병마개 푸어러,C,23,26,58,243
O9SSSN51009230,로티스포츠샌들 BLACK 230,C,38,64,75,168
RM204H007GN,유니버셜 멀티 컬러 스크런치(그린) GREEN_F,C,23,98,46,69
0214-02,마스크 (피부 진정 앤 미백) 낱장 1개,C,49,74,82,200
2101VF050,옛새 벨벳포레스트 오 드 퍼퓸 50ML,B,33,62,71,95
s0019,리밸런스비니거 1L병,A,13,70,34,52
Sweatshirts Brown=M,Ballon Sweatshirts (Brown)(사이즈=M),A,92,27,36,243
AB-CBPC,CB_경찰차,B,69,70,68,247
AB_PCY,칼라컵_노랑,B,86,21,32,111
O2SBSD05155XXX,코니 숄더_KELLY GREEN,B,29,97,56,210
CMZ110595,조개빗오렌지,C,25,32,14,98
8809193495035,기초 3종 싸바리 ,B,18,38,29,211
O0FSHT46009245,그리니 하이탑 스니커즈 BLACK,C,64,34,79,275
O0FBCB82202XXX,로티 크로커 크로스바디DEEPBROWN,A,16,14,75,230
SPIN_COVER,스핀아트보호캡(투명),B,61,48,14,63
0214-15,더퓨어로터스 로즈쿼츠 괄사 (브라운 패키지),B,61,86,9,73
NBPA7F803E1522000,"CRT300ME, (15)Gray, 220",C,77,60,57,7
8809990310715,청심청결 데일리 다목적 살균 세정제 ,A,62,4,40,236
0214-18,홈쇼핑용 리플렛,C,28,72,4,71
8809733531094,"포인트앤뷰 지문방지 AFP_BLC 프로5세대 M1 12.9""",B,7,26,43,24
O0SPPH91092XXX,보우 파우치 LIGHT GREY XXX,A,59,84,18,145
JJ-0001,프루낵 화이트초코칩스(100g),A,60,42,60,274
O9FSSS11007240,그리니 스니커즈 PEWTER 240,A,49,79,72,229
O1FBCB01145XXX,캐리 크로스바디 WAVE BLUE,B,14,55,56,246
CMZ110069,마약박스 스시,A,57,78,22,161
O0SBCB24048XXX,로스코 미니 크로스바디 CLOUD XXX,C,85,1,73,88
72SQ-010119,"포인트앤뷰 개인정보 보호필름 19"" W",B,36,11,59,66
RM212S001WT235,RM212S001 WHITE,B,37,13,2,157
O0FPCC28009XXX,데카 아코디언 카드케이스BLACKXXX,A,29,4,96,148
O0FBSP38009XXX,제이미 N 쇼퍼BLACK,C,21,17,65,78
72SQ-021144,포인트앤뷰 룸앤티비 BLC 27인치,A,39,65,91,119
MASK_TG,가면_남자 호랑이,B,64,50,30,4
72SQ-010227,"포인트앤뷰 개인정보 보호필름 27"" W9",C,99,36,13,139
O1FCLW03078055,LEATHER CROP BUTTON JACKET BEIGE,B,65,58,65,294
2101MS050,옛새 미드데이쇼크 오 드 퍼퓸  50ML,A,70,40,10,91
O2SBSD05009XXX,코니 숄더_BLACK,C,46,60,17,83
72SQ-021144,포인트앤뷰 룸앤티비 BLC 27인치,A,91,60,23,250
CP_ST,CP_별,C,83,60,29,175
10013520002,[TA221SH41P] soft volume blouse-mint grey-2,C,98,78,12,29
O9SBCB81014XXX,로티새들크로스바디 WARM GREY XXX,A,84,24,41,73
OCMSKCF001-V02,오캄 유자 하이드라 마일드 클렌징폼,B,93,84,20,194
O0FCTS190090FR,서커스 프린트 맨투맨 티셔츠BLACK,B,47,58,17,81
O1SBCB31137XXX,로즈버드 크로스바디 BIRD GREEN XXX,A,29,3,84,202
CMZ110434,동물마을 쥐돌이,B,54,36,7,90
BGLMUMA002-V01,벨그림 리치볼륨 픽스카라,A,16,39,47,287
CMZ110243,고양이 터널1(T자형),A,53,53,95,105
O0FSHT46009245,그리니 하이탑 스니커즈 BLACK,C,58,79,84,269
O2SBSD61048XXX,스텔라 숄더_CLOUD,C,25,86,58,159
RM212S002IV230,RM212S002IVORY,A,33,34,24,293
900087,CB_비행기,A,10,91,88,196
8809309727050,제이엠아르기닌4000,C,45,78,75,236
O9FSSS01009245,데일즈 스니커즈 BLACK 245,B,10,25,5,103
O2SBSD39130XXX,벨 숄더_VANILLA CREAM,A,50,66,28,233
s0017,사노핏 초모 애플사이다비니거 파우더 150g,A,45,94,87,145
O1SBCB27130XXX,알리 크로스바디 VANILLA CREAM XXX,B,27,69,96,14
10004120002,formal slim vest-navy-m,C,87,74,42,199
O0FCDR220090FR,캣프린트 후디드 드레스BLACK,C,63,21,84,86
8809733531155,"포인트앤뷰 지문방지 AFP_BLC LG 그램360 14""W",A,81,84,41,1
8809733530974,"포인트앤뷰 종이질감 MAG_BLC S7+ 12.4"" (FE호환)",C,82,51,50,216
8809733531193,"포인트앤뷰 종이질감 MAG_BLC 갤럭시 북프로 360 15""W9",C,57,23,54,215
8809465970307,은가비 감귤과즐,A,10,79,95,58
s0019,리밸런스비니거 1L병,C,42,51,76,298
O9SCPT100090FR,JACQUARD SHORTS BLACK 0FR,B,59,27,64,181
CP_ST,CP_별,B,31,47,75,252
Stripe T/sh-Navy-S,스트라이프-네이비,B,62,44,59,199
8003753158679,캡슐커피: 일리 네스프레소 호환캡슐 클라시코,B,23,50,58,206
O1SBCB66132XXX,케시 크로스바디 - BABY YELLOW,A,21,85,71,97
IN-TP-002,인소의 법칙 태피스트리 vol.2 유천영,A,70,7,2,289
0137-99,철제바구니,A,3,64,39,27
10000920001,싱글 브레스트 슬림핏 롱 코트-네이비-S,C,17,62,62,147
NKPM6S531N0W11000,"KG574UZI, 0W, 110",A,10,23,63,68
8809393500706,프루낵 제주감귤 20g X 2입,C,39,30,3,260
Logo Hoody L-grey-S,Small Logo Hoody (L/grey)(사이즈=S),A,95,1,99,162
CP_SQ(S),CP_정사각(소),A,99,63,54,110
O9FSSS11007245,그리니 스니커즈 PEWTER 245,B,67,54,62,165
O1FSSS51011240,Alley Sneakers GREY,A,26,66,97,61
8809733531018,"포인트앤뷰 종이질감 MAG_BLC A7 10.4""",C,55,67,91,19
AB-COSF,CO_눈결정,C,48,9,81,281
8809733530974,"포인트앤뷰 종이질감 MAG_BLC S7+ 12.4"" (FE호환)",B,21,7,83,64
7118409000001,공동체카드 스티커,B,33,53,31,146
IN-AK-002,인소의 법칙 아크릴 키링 B. 반여령,C,23,91,91,270
O1FSSS51011240,Alley Sneakers GREY,B,11,43,82,254
CMZ111219,실타래 장난감 8호,B,19,15,91,163
900007,워터페인트 250ml 8색,B,97,8,55,127
O0FSHT46009240,그리니 하이탑 스니커즈 BLACK,C,2,94,22,266
O0FSSO02009245,벨로아 헤리티지 스니커즈 BLACK 245,A,32,27,88,89
20HAOULOR,"[하울팟]아웃도어 하네스,L,오렌지",C,36,3,3,169
O1FGAC10145XXX,미니 폼폼이+WAVE BLUE,A,79,13,57,268
8809823070410,다담지갑 레몬,C,4,81,40,57
O0FSHT46009235,그리니 하이탑 스니커즈 BLACK,A,84,9,64,65
O0FBTT84020XXX,로티 새들 토트ROSEXXX,C,18,45,6,276
O0SSSS14009225,레이스 업 플레인 스니커즈 BLACK 225,C,41,20,81,272
AB_SQ,아티바바 말랑이 세트,C,98,86,24,114
O9FBCB75099XXX,테일러 미니미 팝 크로스바디 SKY BLUE XXX,A,55,98,21,116
8809193495097,에콜린 이너 아르간오일,A,99,29,85,275
2101VF011,옛새 벨벳포레스트 오 드 퍼퓸 11ML,A,59,74,67,154
O9FHLW03009044,URBAN CHIC LEATHER JACKET WOMEN BLACK 044,B,33,42,39,191
O1FBCB37231XXX,리사 크로스바디 DEEP GREEN,C,5,22,74,173
O1SPPW13099XXX,제마 폰월렛 SKY BLUE XXX,C,93,33,55,117
900088,CB_소방차,B,24,48,98,271
CMZ110076,마약박스 오렌지,B,64,87,54,274
10011720002,[TA212JK05P] tailored velvet coat-navy-1,C,2,81,72,230
CMZ110502,하단 흡착패드 1개,B,49,13,97,33
IN-AS-003,인소의 법칙 아크릴 스탠드 C. 우주인,A,10,29,64,10
WP_60ml_5,물감5색60ml,B,88,69,26,30
O2SBCB54130XXX,헬렌 크로스바디_VANILLA CREAM,B,2,36,36,95
LFW21SLG,프레즐 스몰 라이트그레이,A,24,92,83,76
COLOR_FA,색칠북_동물,A,46,46,29,129
s0011,사노핏 사과초모식초 파우더 50g,A,46,33,50,185
8809563066643 ,에콜린 젤 클렌저,B,90,3,97,127
CMZ110441,동물마을 코끼리,C,87,58,58,79
O1FBTT14078XXX,사나 미니 토트+BEIGE,B,32,52,72,172
8809990310708,청심청결 올인원 식기세척기,B,9,91,31,45
O0FPHP27004XXX,데카 반지갑CREAMXXX,A,18,23,69,294
CMZ110533,담요,C,65,31,87,70
1140040111003,칫솔케이스-블루,B,58,14,94,12
10011720001,[TA212JK05P] tailored velvet coat-navy-0,B,37,24,58,227
9791195941131,커뮤니티케어와 작업치료,A,37,7,31,202
O1SBSD59240XXX,브리즈숄더 LATTE BEIGE XXX,B,13,18,12,251
DOTCP10_RESCUE,도트 칼라색칠도안 운송_응급10매(8절) ,C,64,8,13,8
10003720001,gingham simple pants-skyblue-s,C,90,47,65,187
900008,워터페인트 250ml 12색,C,46,8,31,39
RM204J007LI,아무르 크리스탈 넥크리스(라이트 핑크) LIGHT PINK_F,C,60,24,23,62
7118409000004,벌새 포스터,B,38,4,74,219
8809733531209,"포인트앤뷰 종이질감 MAG_BLC 갤럭시 북프로 360 13""W9",C,59,76,73,189
8809614952635,더퓨어로터스 연꽃잎 마스크 주름개선 [1box/5ea],C,73,97,16,173
Color Ball Cap (Yellow x Grey),Color Ball Cap (Yellow x Grey),B,43,57,85,203
O1FBTT55009XXX,벨라 토트 BLACK,A,11,91,58,88
UG-ID-001,녹색전상 증명사진세트 vol.1,A,64,97,89,89
BR_10,붓10,B,32,26,94,200
O1SPCC07132XXX,티라 카드케이스 BABY YELLOW XXX,C,83,11,6,274
0057-78,트레이닝 셋업 하의 - 그레이,A,84,28,57,281
RM212W009NYM,선드라이 스퀘어넥 린넨 드레스,B,31,43,74,174
Love ya T/sh-M-grey-L,러브야-멜란지 그레이,A,76,11,74,38
O9SBCB81014XXX,로티새들크로스바디 WARM GREY XXX,B,81,29,52,22
RM204J006IV,미니 펄 액센트 허기 이어링 IVORY_F,B,38,17,65,291
O1FSSO54009225,헤리티지 L 스니커즈 BLACK,A,76,84,79,92
O2SBSD20048XXX,루미 숄더_CLOUD,B,71,69,78,233
O9SBCB81113XXX,로티새들크로스바디 DUSTY MAUVE XXX,B,45,33,29,260
DOTCP10_VF(MK),도트 칼라색칠도안 채소과일 시장10매(8절) ,C,35,46,69,155
O1FPAC24009XXX,마이크로 루키 BLACK XXX,C,13,30,87,29
10003920001,slim bootscut denim pants-blue-S,C,79,28,6,114
8809653770511,에어퀸 브레스 나이트 1팩(팩피킹),B,21,52,1,94
8809653770498,에어퀸 브레스 중형 1팩 (팩피킹),A,6,70,38,114
Logo Hoody Blue-M,로고 후드-블루 컬러,C,31,54,90,170
5285001951833,Elegance Plus Shaving Gel 500ml,C,76,78,52,227
CMZ110700,고양이오리고기사료,B,82,2,87,297
O1SBTT61130XXX,아난토트 VANILLACREAM XXX,B,68,73,28,299
8809990340286,리필팩-젖병세정제,B,50,84,26,12
O1FBSD10139XXX,미셀 숄더 FOSSIL TAUPE,A,35,89,6,138
O9FBCB31059XXX,벤틀리 크로스바디 ORANGE,C,78,96,71,60
O1FPAC20002XXX,스파클 팩 SILVER,B,73,95,24,141
CMZ110380,아기공룡사우르스 블루,C,66,10,17,70
72SQ-0020101,72square 데일리 마스크 블랙 L,A,24,60,61,102
7118409000231,토킹피스 빅벌새,C,23,44,64,280
O1FCLW03078055,LEATHER CROP BUTTON JACKET BEIGE,B,61,92,16,191
O0SBCB79048XXX,첼시 크로스바디 CLOUD,B,96,76,76,141
O0FBCB82004XXX,로티 크로커 크로스바디CREAM,B,38,5,60,236
O1FSSO53031240,헤리티지 스니커즈 DARK GREY,A,80,63,78,99
10013020002,[2차 리오더] [TA221JK04P] snow white classic jacket-navy-1,C,53,19,76,257
O1FBBC37009XXX,리즈 버킷 BLACK,C,86,88,49,175
WP_60ml_5,물감5색60ml,C,30,85,89,262
8809309727050,제이엠아르기닌4000,C,96,44,59,237
AB_COMAN,CO_사람(솜),B,35,28,16,93
8809733531216,"포인트앤뷰 종이질감 MAG_BLC LG 그램360 16""W",C,88,52,94,112
8809990310708,청심청결 올인원 식기세척기,C,43,52,99,291
CMZ0004,회색 모래삽,C,53,78,86,106
900085,CB_배,C,61,12,33,251
CMZ110113,샤랄라 막대봉 (핑크),B,9,46,27,299
UG-AF-003,아크릴 액자 커플 C,C,58,23,89,50
O9SSDV27062230,데이나 포포 드라이빙슈즈 LAVENDER 230,A,21,77,49,215
CMZ0081,아이스크림 차 ,C,76,17,69,178
7118409000057,갈등해결질문카드,A,59,84,36,244
O1FBTT14009XXX,사나 미니 토트+BLACK,B,1,99,57,103
O9FSSS01009225,데일즈 스니커즈 BLACK 225,B,85,32,78,25
ADLSKCR001-V01,엘드라뽀 쓰리 세컨 루미너스 크림,B,46,52,86,96
CMZ111318,세트 8종,A,37,25,32,213
8809079207219,더퓨어로터스 제주 보태니컬 선크림,A,39,63,16,22
IN-PC-001,인소의 법칙 엽서세트 (3종+봉투),A,98,90,79,253
NKPM5S541B0M130,"KA207BOI(재고이관), M, 130",A,6,39,94,250
CMZ110441,동물마을 코끼리,C,17,76,54,11
O0FPAC11002XXX,금속체인 토트 스트랩,A,34,1,55,82
358122841,ATF6~8(20L),C,3,4,31,190
8809356270042,스킨미스트,B,35,73,38,249
O6FBCB22125XXX,테일러 MID NEO MINT XXX,C,87,52,16,264
8809990310708,청심청결 올인원 식기세척기,A,11,3,84,218
CP_HT,CP_하트,A,85,95,10,84
O1FSSO54009230,헤리티지 L 스니커즈 BLACK,C,27,5,7,32
PP204P0486PK,Giraffe friends 6pack for baby,A,66,48,90,254
s0024,마이 애사비 라인 핏 구미,A,66,21,57,177
72SQ-021100,포인트앤뷰 BLC 27W9,A,73,99,16,80
8809491944914,길라 플럼핑 립 세럼 #05,B,72,25,80,91
COLOR_SEA,색칠북_바다동물 ,A,60,66,38,239
O1SPPW13130XXX,제마 폰월렛 VANILLA CREAM,C,43,82,41,173
RM204S007WH240,윈드레이서 스프리트,C,56,91,20,285
72SQ-0100467,"포인트앤뷰 모바일 보안필름 갤럭시 S21 (6.7"")",C,51,43,1,31
8809738605509,드 메모리아 #03 그라나다 ,C,69,52,86,293
8809657119224,길라 롱웨어 디디 쿠션 #01,A,90,97,62,287
s0021,마이 애사비 라인 핏 6개월 (1입),B,6,73,38,273
10011420001,[TA212KT04P] loose knit vest-navy,B,6,59,56,254
8809085103970,샤르드 순간쿠션 23호 세트,A,66,90,31,242
358122231,XVANCE GP7000 5W30 1L(V),C,48,91,21,273
O9FHSK0723100S,FLARE LEATHER SKIRT DEEP GREEN 00S,A,46,93,54,145
Sub0005,쇼핑백,B,47,88,34,273
900093,CV_생명의나무,A,4,7,31,128
RM204P0292PK,아메리칸 스타 노쇼 삭스 세트 2PK(라임/아쿠아),A,81,76,35,224
8809738598603-1,드 메모리아 #07 호이안 (1.2ml),C,12,54,91,233
O9FSSS11007245,그리니 스니커즈 PEWTER 245,C,80,88,32,118
O0SBCB76014XXX,홀리퀼팅 R 크로스바디WARM GREY,B,1,89,28,292
8809733531049,"포인트앤뷰 지문방지 AFG_BLC 룸앤티비 27""W9",A,98,48,25,176
0210SET7,"4종세트-크림 1,반지롱세럼 1,에센스 1,스킨",A,66,31,87,207
0128-5,알약분배기,C,73,99,84,230
O0FBCB82004XXX,로티 크로커 크로스바디CREAM,B,17,60,70,159
s0024,마이 애사비 라인 핏 구미,A,98,23,9,63
CMZ110632,냥이월드 웨이브,A,20,73,61,131
O0SBCB23125XXX,로스코 크로스바디 NEO MINT XXX,B,97,51,95,242
8809793590178,쓰리블랜드오일 미니 골든 ,C,43,31,99,251
8809653771228,에어퀸 에센셜 생리대 중형 18P,B,43,78,17,85
20LSOU0BR,"[하울팟]아웃도어 리드줄,F,브라운",A,58,66,36,187
O1FBBC09009XXX,미셀 버킷 BLACK,B,44,23,26,165
8809491945478,길라 롱웨어 립크림 11호,A,89,26,29,277
8809491945485,길라 롱웨어 립크림 12호,A,5,94,47,272
O9SPLP31051XXX,엘드리지 장지갑 GINGER XXX,C,84,49,51,28
O1FBTT17141XXX,셀레나 토트 LEAF OLIVE,C,49,16,75,38
9791191687002,유하다요기초일본어5,B,24,22,6,78
CMZ111349,반팔티밤색,B,32,22,65,285
O1FBTT13004XXX,안나 미니 토트 CREAM,A,86,83,71,116
O8FCBS130090FR,MOROCCAN STAR PATTERN BLOUSE BLACK 0FR,C,35,78,23,262
MINI_DOT_6,미니도트_6,C,19,56,36,229
20HAOUMOR,"[하울팟]아웃도어 하네스,M,오렌지",C,20,63,22,183
JJ-0001,프루낵 화이트초코칩스(100g),C,16,29,14,267
Half Zip-up D-green-M,Ballon Half Zip-up (D/green)(사이즈=M),C,3,87,9,113
8809744190235,구디즈 쉴드 KF94 마스크(1매)(그레이/회색),A,9,24,57,252
O0SPPW22124XXX,뉴 헤리티지 폰월렛 BABY ROSE XXX,B,8,78,69,215
72SQ-010114,"포인트앤뷰 개인정보 보호필름 14"" W9",A,9,20,81,219
O7SSSS01030245,헤리티지 스니커즈 DARK NAVY 245,A,51,42,42,174
CMZ0076,접이식 욕조 (온도측정 노랑),C,54,24,70,135
8809356270035,인텐시브 파워센 에센스,B,16,58,46,265
O1FSSS51009245,Alley Sneakers BLACK,C,86,33,69,87
0057-73,new 로고티 - 그레이,C,57,68,16,9
8809793590178,쓰리블랜드오일 미니 골든 ,A,81,24,13,267
O6FBCB90009XXX,틴턴 BLACK XXX,A,60,83,57,157
6261108117326,샤프란 향신료 20g,C,55,84,27,80
8809679580002,캐칭환 인박스(2포),C,13,16,44,10
O9SBCB21103XXX,다이너 크로스바디 ASH GREY XXX,A,12,39,65,130
10012320002,[TA221JK01P] double breast stripe suit(jacket)-black-1(1),A,52,22,43,56
EVA_BOY,렛츠페인트 물감찍기 (남아용)하늘색,B,34,83,32,186
DOTBOOK_HG,렛츠도트 한글,A,92,2,11,248
O1FSSO54140240,헤리티지 L 스니커즈 PECAN BROWN,B,3,72,87,289
WP_60ml_5,물감5색60ml,C,24,41,43,290
O1SPCC02009XXX,카림 카드케이스 BLACK XXX,A,90,33,93,21
72SQ-010115,"포인트앤뷰 개인정보 보호필름 15.6"" W9",B,88,31,71,76
O2SPCC03009XXX,리나 카드케이스+BLACK,B,29,78,92,59
O0SBSP62009XXX,램지 L 쇼퍼 BLACK XXX,A,26,50,66,120
O1FSSS51011240,Alley Sneakers GREY,B,77,60,49,276
O1FPCC04130XXX,티라 1단 카드케이스 VANILLA CREAM,C,98,29,12,119
Medium Bag(Blue),미디움 백-블루,C,35,86,93,70
900088,CB_소방차,A,61,84,94,21
O1SBCB68004XXX,세라클 크로스바디 CREAM,C,20,18,72,188
0133-11,애플사이다비니거 분말 미국산,C,15,3,75,282
IN-TP-001, 인소의 법칙 태피스트리,C,89,57,66,242
8809793590208,쓰리블랜드오일 브라잇로지(신),A,37,92,5,108
RM204H005GN,핸드메이드 소프트 셔닐 스크런치(오션) GREEN_F,C,91,20,99,269
RM204J019WH,카렌 허기 ? 이어링 WHITE_F,B,70,64,52,69
O1SPCC03009XXX,카림 카드케이스 BLACK XXX,A,9,17,49,75
7118409000187,더자람 스티커(7118409000163),C,11,79,53,266
O9FBCB25257XXX,블루밍 크로스바디 AWESOME GREEN XXX,A,44,95,44,163
PLAYTRAY_P,트레이_P,B,71,22,30,249
10013820003,[TA221VT53P] stitch slim vest-black-2,C,26,49,47,152
O1SBCB01131XXX,테일러 글래드 크로스바디 SIGNAL XXX,C,17,80,87,28
8801121025666,[앨리슨]아몬드 브리즈 뉴트리플러스 프로틴 190ml 24개입(18801121031015),A,31,69,77,32
10011420001,[TA212KT04P] loose knit vest-navy,B,27,97,83,54
8003753158761,캡슐커피: 일리 네스프레소 호환캡슐 인텐소,A,48,53,69,285
10012220001,[TA221OP02P] feminine single coat dress-ivory-0(1),C,93,22,79,44
8809738598627,드 메모리아 #09 람팡 (30ml),A,51,18,80,62
SM4000001,교원그룹 선물세트,C,92,62,91,264
O1FBSP41009XXX,엘렌 쇼퍼 BLACK,B,54,23,70,54
20HAOULBR,"[하울팟]아웃도어 하네스,L,브라운",A,27,30,26,299
UG-AF-003,아크릴 액자 커플 C,B,77,33,33,158
7118409000156,서클약속카드,A,17,56,61,80
8809222849433,더퓨어로터스 보태니컬 톤업 크림,C,80,55,92,243
8809823070281,비스킷롤M 코발트블루,A,91,42,20,122
AB-CBFL,CB_꽃,C,17,18,24,281
CMZ110472,동물의 숲 쥐,C,44,67,69,31
8809653771228,에어퀸 에센셜 생리대 중형 18P,C,49,13,16,290
SPIN_P,스핀아트_종이,A,46,57,34,48
NKPM5S578B0M17000,"KA1508SW(P), M, 170",C,3,5,17,49
VD-TG-001,악역의 엔딩은 죽음뿐 티골드 vol.1 페넬로페,A,6,45,95,35
CMZ110571,조개빗브라운,B,75,42,82,168
0114-02,캐칭환 꽐라프리 1봉지(50포),B,76,95,47,128
O9SPPW45142XXX,헤리티지S폰월렛 JADE GREEN,C,68,10,56,198
8809733531001,"포인트앤뷰 종이질감 MAG_BLC S6 Lite 10.4""",B,19,90,94,249
8809356270240,모이스처라이징 마유마스크,C,78,21,50,76
0210SET5,"3종세트A-크림 2,스킨 1,비누 2,크림샘플 1",B,34,25,31,175
AB-CBLF,CB_나뭇잎,C,84,6,94,112
Sub0005,쇼핑백,C,12,99,90,235
NS241507,논현동 영양진 삼계죽,A,77,42,21,25
O1FBCB01004XXX,캐리 크로스바디 CREAM,A,56,39,65,259
10009220001,[TA212SK01P] midi pleats skirt-purple-s,A,15,16,90,32
CMZ111639,고양이터널반원형노랑,C,13,49,11,128
O1FPCC04130XXX,티라 1단 카드케이스 VANILLA CREAM,C,56,48,7,207
358122321,SILVER Alpha 5W40,A,29,17,95,69
CMZ111653,고양이터널원형핑크,B,61,43,14,82
8809393501017,프루낵 화이트 초코 20개입,B,81,10,29,4
9791197250880,유하다요기초일본어3,C,34,32,13,212
O9FBCB31009XXX,벤틀리 크로스바디 BLACK XXX,C,58,82,71,63
8809079203402,더퓨어로터스 제주 연꽃잎 리바이탈라이징 크림,C,77,58,59,251
O9FSSS11009230,그리니 스니커즈 BLACK 230,B,89,73,70,8
CNLMUMA001-V01,크리스앤릴리 아이워너비 픽스카라,A,85,55,80,150
AB-COHX,CO_육각형,A,26,78,67,136
72SQ-0010601,72square 스타일 마스크 일렉트릭 블루 L,B,28,92,45,135
20HAOUMBR,"[하울팟]아웃도어 하네스,M,브라운",B,96,34,98,153
VD-MK-001,악역의 엔딩은 죽음뿐 금속 키링 A 페넬로페,B,72,16,28,120
8809990340255,섬유유연제(유아용),C,45,15,20,226
CMZ0024,크리스마스 쿠키,B,30,40,29,84
O0FBTT22116XXX,케이티 미니토트SHADOW YELLOWXXX,C,84,98,2,242
DOTCP10_FA,도트 칼라색칠도안 숲속동물 10매(8절) ,C,14,74,58,185
10005520002,stripe point slim knit black -M,C,18,28,44,59
O0FSHT46009230,그리니 하이탑 스니커즈 BLACK,B,85,83,53,29
Sweatshirts M-grey-M,맨투맨-멜란지 그레이 컬러 ,B,87,88,91,9
O0FPAC15004XXX,아크릴체인 토트 스트랩,B,38,64,41,29
AB-CBWH,CB_고래,A,65,13,21,89
O2SBTT58009XXX,델라 토트_BLACK,B,54,63,57,148
Color Ball Cap (Yellow x Grey),Color Ball Cap (Yellow x Grey),A,57,3,56,153
PBW-35 (Silver) NEW,휴대폰 무선충전기 FLEXIN (색상: Silver) NEW,A,74,52,94,278
O0SBCB05126XXX,테일러 팝 크로스바디 CARROT XXX,C,38,59,24,291
900004,워터페인트 120ml 8색,C,15,57,77,264
LFW21SLG,프레즐 스몰 라이트그레이,C,55,4,97,26
O0FBSD95127XXX,리브숄더TRUE NAVY,A,63,91,67,45
O1FGAC10012XXX,미니 폼폼이+MERLOT,B,58,41,59,144
O1FSSO53031240,헤리티지 스니커즈 DARK GREY,C,30,45,23,293
stamp_2,스탬프2종,A,35,7,13,178
O9FSAK22009230,셀럽 엣지 첼시부츠 BLACK 230,C,25,5,55,277
O2SBTT34133XXX,바히아 캔버스 미니 토트_SAND BROWN,A,8,16,37,216
O0FSHT46009245,그리니 하이탑 스니커즈 BLACK,C,10,74,70,141
8809085106001,샤르드 하와이 바다패드,B,85,16,98,178
CMZ110489,고양이 윈도우 해먹4,A,57,32,8,268
20HAOULYE,"[하울팟]아웃도어 하네스,L,엘로우",A,68,2,22,103
O1FBCB37231XXX,리사 크로스바디 DEEP GREEN,B,77,29,50,93
0056-01,부드와 신규 쇼핑백,B,15,18,15,147
CP_RT(L),CP_직사각(대),A,27,92,4,23
AB-CBIS,CB_곤충,B,92,8,82,278
O1SBSD57137XXX,마라케시 숄더 BUD GREEN XXX,C,88,22,3,74
8809990340279,리필팩-주방세제,C,66,85,50,1
O1FBTT55009XXX,벨라 토트 BLACK,B,75,6,86,107
10013420002,[TA221KT23P] color block cashmere knit-burgundy-1,B,25,98,47,131
COLOR_SEA,색칠북_바다동물 ,B,52,44,88,174
7118409000019,토킹피스 벌새,C,57,52,69,160
6261108513920,샤프란 향신료 황동 3g,C,1,77,13,297
O1FBTT70116XXX,엘프나 토트 SHADOW YELLOW,A,49,94,42,57
O1FBTT55130XXX,벨라 토트 VINILLA CREAM,A,20,97,79,243
O7SSSS01030245,헤리티지 스니커즈 DARK NAVY 245,B,60,7,84,95
4100003111000,하마 연필꽂이,B,24,40,62,193
O5NBCB08122XXX,테일러 ROSETTE XXX,B,48,61,35,278
8809793590154,쓰리블랜드오일 미니 그리너리,A,7,98,24,101
s0017,사노핏 초모 애플사이다비니거 파우더 150g,C,11,35,64,29
72SQ-010227,"포인트앤뷰 개인정보 보호필름 27"" W9",B,11,7,96,126
5727UUU-003A,"베르벨라파운데이션팩트SIGNATURE,,,",B,88,34,64,77
10005620001,stripe point slim knit white -S,A,55,57,33,147
72SQ-011227,"포인트앤뷰 개인정보 보호필름 거치형 27"" W9",C,36,86,62,258
AB-COLF,CO_나뭇잎,B,57,18,7,274
8809738598627,드 메모리아 #09 람팡 (30ml),B,24,71,41,1
CMZ110366,스컹크,A,47,41,27,193
NKPM6S537B0M130,"KA207PBI, M, 130",B,70,54,27,52
10013820003,[TA221VT53P] stitch slim vest-black-2,C,70,27,27,290
VD-ST-001,악역의 엔딩은 죽음뿐 반투명 프레임 스티커 vol.1,B,97,53,4,281
O1SBCB21009XXX,아니스 크로스바디 BLACK XXX,A,93,65,80,198
72SQ-021011,포인트앤뷰 거치형  BLC 24W9,A,60,32,10,123
8809085105219,하와이ICE크림,C,21,90,7,81
O1SBCB66132XXX,케시 크로스바디 - BABY YELLOW,B,46,4,5,164
CMZ110595,조개빗오렌지,A,64,10,50,220
RM204J018YE,하트 크리스탈 넥크리스 YELLOW_F,B,12,66,16,174
O0FBCB82009XXX,로티 크로커 크로스바디BLACK,A,9,22,53,181
5285001952168,Elegance Hair Serum Aloe Vera 300ml,A,97,47,26,219
8000070028685,원두커피: 2. 라바짜 구스토 포르테,A,21,60,53,21
CMZ110038,마약박스 냥이버스,B,27,47,40,127
O0FSHT46009240,그리니 하이탑 스니커즈 BLACK,A,86,16,16,169
RM211J014MS,Rivera Flower Earrings,B,63,84,36,163
O0FSHT46009235,그리니 하이탑 스니커즈 BLACK,B,82,7,28,29
7613036961783,스타벅스 파이크 플레이스 10캡슐,A,3,55,45,242
O1FBSP63009XXX,램지L LG 쇼퍼 BLACK,A,45,27,98,175
5727UUU-005A,"베르벨라파운데이션팩트BY NOBBY,,,",B,50,69,53,137
O0FBBC78004XXX,밴슨 스트링버킷CREAMXXX,A,76,55,72,102
8809563068340,베지크 슈퍼 화이트닝 세럼,C,12,17,28,29
8801121763933,[앨리슨]아몬드 브리즈 오리지널 190ml 24개입(18801121030667),A,48,64,25,36
7118409000004,벌새 포스터,B,15,30,83,105
O0SGAC03000XXX,폭스폼폼,B,20,22,59,33
8809668703849,비타민C 포뮬러 7포,C,84,38,36,295
O1SBTT42099XXX,소피아 토트 SKY BLUE,C,27,34,42,212
O2SPCC08130XXX,루시 지퍼돌이 카드케이스+VANILLA CREAM,B,69,42,36,277
8809085105219,하와이ICE크림,A,11,68,77,143
10001,힙딥밴드3종 + 4주운동패키지(QR),B,75,24,55,116
8809733531247,"포인트앤뷰 종이질감 MAG_BLC S8+ 12.4""",C,20,72,44,35
O9SSDV27002230,데이나 포포 드라이빙슈즈 SILVER 230,C,56,73,78,146
CMZ111264,귀엽냥,A,86,15,61,117
TL-AF-001,이번 생은 가주가 되겠습니다 아크릴 액자 vol 1. 피렌티아,A,94,11,29,120
O0FPAC23004XXX,마이크로 로티CREAMXXX,A,51,7,93,34
8809990414840,핸들 스트랩 노트북 파우치 M 피넛,A,63,60,80,76
8809738605516,드 메모리아 #06 그라쎄,A,30,97,18,223
CMZ111394,반팔티아보카도,C,70,23,69,297
O9SBCB81118XXX,로티새들크로스바디 TOFFEE TAN XXX,B,44,96,70,184
O1FCLW02009066,LEATHER RUFFLE BOMBER BLACK,B,29,99,65,220
snfacvt02,사노핏 애플사이다비니거 포스트바이오틱스 2개월 분,B,42,38,94,154
A0002,아큐민 수용성 커큐민 정제 3개월,B,33,12,72,189
O0FPAC05072XXX,솔리드 야니랩WINE,B,21,39,87,218
10003220001,linen bermuda pants-skyblue-S,A,78,29,92,11
UG-AFS-001,아크릴 액자 3종세트(개별3종)+ 특전카드 ,A,32,41,44,179
10013420002,[TA221KT23P] color block cashmere knit-burgundy-1,C,83,47,11,154
O9FSAK22009245,셀럽 엣지 첼시부츠 BLACK 245,C,96,46,5,192
9791197250873,유하다요기초일본어2,C,24,1,8,93
O1FPAC20145XXX,스파클 팩 WAVE BLUE,A,11,49,64,275
POPMUGL002-V01,팝시노트 피치 다이아몬드,B,58,58,14,229
8809738598641-1,드 메모리아 #11 타이오 (1.2ml),A,18,88,74,126
O2SBSD06009XXX,코니 L 숄더_BLACK,C,84,52,45,252
SFWJPO01,부먹찌먹탕수육 팝콘색,B,13,76,53,200
8809990116430,알라뷰티 청열 약수크림,B,41,43,99,158
ONF-PC-001, 온오어오프 엽서세트 (3종+봉투),A,28,40,94,133
O9SSSR78019235,크루니슬리퍼 CARAMEL 235,C,70,68,66,149
8809657119231,길라 롱웨어 디디 쿠션 #02,A,82,81,69,216
8809990116430,알라뷰티 청열 약수크림,C,50,75,21,19
RD-PM-001, 그녀가 공작저로 가야했던 사정 손거울A 노아&레리아나,A,3,9,84,63
8809990414802,웨이브백 M 아이보리,B,38,39,34,219
5727UUU-005A,"베르벨라파운데이션팩트BY NOBBY,,,",A,38,98,6,256
O9FSSS11009245,그리니 스니커즈 BLACK 245,C,6,64,15,27
TRAY_WT,공작판_흰색,A,63,92,95,134
8809375786487,십일장생 프로젝트(박스),A,47,15,90,161
mayusample,마유크림 샘플,B,85,57,99,22
CP10_SN,반고흐별밤도안/8절/10매,A,32,47,76,52
O1FCLW010090FR,LEATHER MOTO JACKET WOMAN BLACK,C,93,24,4,80
O2SBSD02009XXX,레아 숄더_BLACK,B,38,82,99,103
8809079201750,더퓨어로터스 연꽃잎 알로에 진정세럼,A,42,3,89,41
O2SPLP16130XXX,맨디 2단 장지갑+VANILLA CREAM,C,17,97,59,227
8809563068357 ,베지크 슈퍼 리페어링 세럼,A,5,16,13,111
O0SPAC02009XXX,램지팟 BLACK XXX,C,33,84,94,215
DEF001,블랙 삼각 덤벨(1.5kg),B,44,78,74,111
20LSOU0YE,"[하울팟]아웃도어 리드줄,F,엘로우",B,20,64,54,71
O1SBCB66231XXX,케시 크로스바디 DEEP GREEN,A,99,36,14,282
erg_lucky_paint, 럭키박스_물감세트 ,A,37,49,34,90
AB-COCAR,CO_자동차,B,11,32,38,163
BGLMUMA001-V01,벨그림 리치컬링 픽스카라,A,87,76,95,9
O9FHLW0808100M,LOOSE FIT LEATHER SHIRTS CAMEL 00M,A,90,57,8,184
900081,CB_사자,A,35,28,84,14
10013520002,[TA221SH41P] soft volume blouse-mint grey-2,C,36,39,17,241
0160-03,닥터도넛 말고기 펫샐러드,A,24,65,18,281
8809491944884,길라 플럼핑 립 세럼 #02,B,9,5,71,136
PLAYTRAY_G,트레이_G,C,73,59,15,120
CMZ0043,강아지 우비 3XL,C,81,63,74,97
10012220001,[TA221OP02P] feminine single coat dress-ivory-0(1),A,94,97,7,295
O9FSSS11009230,그리니 스니커즈 BLACK 230,B,64,37,39,243
CMZ110311,고양이뚜껑화장실그레이,B,66,69,99,184
8000070021341,원두커피: 3. 라바짜 그란에스프레소,B,47,75,54,233
NKPM5S540E0M13000,"K2005GRG, M, 130",A,97,94,99,178
HLW-TNMP1S.AKRG2SV1 (Super-z),Super-z,B,66,34,49,105
8809085105189,샤르드 구름엠플 3주키트,A,60,82,66,285
CMZ0042,강아지 우비 2XL,A,54,79,45,149
DEF003,블랙 삼각 덤벨(3kg),B,33,35,99,89
8809079201743,더퓨어로터스 연꽃잎 슬리핑팩,C,86,80,41,17
O9SSDV27002225,데이나 포포 드라이빙슈즈 SILVER 225,C,1,51,46,183
802980111116,히말라야 핑크솔트,C,8,4,27,85
O2SBCB10009XXX,코지 크로스바디+BLACK,A,26,10,81,76
O1FPLP15145XXX,데카 1단 장지갑 WAVY BLUE,B,4,22,76,78
O1FSSS51003245,Alley Sneakers IVORY,A,95,34,35,149
9791197250866,유하다요기초일본어1,B,21,54,73,141
JJ-0001,프루낵 화이트초코칩스(100g),A,85,79,86,66
O0SBCB24048XXX,로스코 미니 크로스바디 CLOUD XXX,B,35,31,98,30
O2SBTT13009XXX,아미 토트_BLACK,C,93,87,57,33
CMZ0041,강아지 우비 XL,A,68,2,37,86
8809491945454,길라 롱웨어 립크림 09호,C,98,64,11,5
0159-006,모카 일반 스티커,B,46,13,37,113
ONF-SD-01,온 오어 오프 SD피규어-대형,B,43,59,59,275
O1SPCC03132XXX,카림 카드케이스 BABY YELLOW XXX,B,88,25,49,241
10012320001,[TA221JK01P] double breast stripe suit(jacket)-black-0,C,90,62,96,85
4100015111000,뚜레쥬르 시럽수납장,C,33,63,60,253
O1SPCC03132XXX,카림 카드케이스 BABY YELLOW XXX,B,31,4,96,252
CMZ110878,모래삽,C,64,2,60,211
20LSOU0BR,"[하울팟]아웃도어 리드줄,F,브라운",C,24,99,34,157
O8FBCB21043XXX,제라드 크로스바디 SMOKY GREEN XXX,B,18,38,46,89
CNLMULS008-V01,플러피 벨벳 립 무스 #RD01,B,38,21,28,213
ONF-CC-001,온오어오프 컬렉팅카드 vol.1,B,69,21,68,30
Half Zip-up D-green-M,Ballon Half Zip-up (D/green)(사이즈=M),A,59,65,53,174
RM211H003MT,마리 헤어클립 - 멀티컬러,A,89,46,52,126
0159-001,MOCAR 차량용 스티커,C,85,46,18,49
RM212S002IV230,RM212S002IVORY,C,85,32,17,273
900008,워터페인트 250ml 12색,A,76,96,27,233
8809733530936,"포인트앤뷰 지문방지 AFP_BLC S6 Lite 10.4""",C,88,79,56,189
O1FBCB51145XXX,지지 크로스바디 WAVE BLUE,A,17,89,3,82
O0SBCB24123XXX,로스코 미니 크로스바디 PARADISE XXX,A,62,73,93,151
10010720001,[TA212SK07P] tweed pocket skirt set up(skirt)-0,A,15,29,85,52
O0SPAC12126XXX,야니랩 CARROT XXX,B,87,15,53,134
O1SBSD64009XXX,티라 숄더 BLACK XXX,A,44,95,83,100
O2SBCB46149XXX,루키 크랙 크로스바디-BUTTER CREAM,B,45,64,36,59
O2SPCC08130XXX,루시 지퍼돌이 카드케이스+VANILLA CREAM,C,67,74,74,26
CNLMUBL003-V02,돔-글 블러셔 #CR01 진저코랄,B,4,54,8,232
RM212S001WT235,RM212S001 WHITE,C,87,52,90,196
8809389351718,에콜린 마마스 케어크림 ,C,78,8,11,54
7118409000001,공동체카드 스티커,C,39,54,5,180
O2SPCC08130XXX,루시 지퍼돌이 카드케이스+VANILLA CREAM,B,63,41,16,192
5727UUU-004A,"베르벨라파운데이션팩트AURORA,,,",B,7,71,45,289
8809793590161,쓰리블랜드오일 미니 브라잇로지,C,51,28,43,281
8809990414888,핸들 스트랩 노트북 파우치 L 코발트 블루,C,63,10,27,111
5727UUU-002A,"베르벨라파운데이션팩트MY NAME IS BELLA,,,",C,8,85,82,63
WP_60ml_5,물감5색60ml,C,4,29,88,61
O1FBSD65009XXX,제너 숄더 BLACK,A,54,4,87,118
8809193495035,기초 3종 싸바리 ,B,7,85,3,282
O2SBCB41009XXX,로렌 크로스바디_BLACK,A,25,37,30,95
CMZ110052,마약박스 망고,C,6,57,3,267
8809079206854,더퓨어로터스 제주 연꽃잎 에센스,C,56,7,49,243
O1SPCC03132XXX,카림 카드케이스 BABY YELLOW XXX,C,21,75,4,211
O8FCTS150030FR,SPANGLE POINT T-SHIRT IVORY 0FR,A,3,80,70,265
SFWJPO01,부먹찌먹탕수육 팝콘색,A,94,1,98,85
8809733531049,"포인트앤뷰 지문방지 AFG_BLC 룸앤티비 27""W9",A,51,68,32,13
IN-MS-002,인소의 법칙 문구세트 _반여령,A,81,21,36,201
MINI_DOT_12,미니도트_12,A,47,14,74,243
7118409000008,토킹피스 사과(레드),A,69,67,43,139
FULLSET01,full set (1.5kg*2+2kg*2+3kg*2),C,64,15,24,187
CMZ0043,강아지 우비 3XL,B,22,83,39,187
Logo Hoody L-grey-XL,Small Logo Hoody (L/grey)(사이즈=XL),B,56,95,19,225
O9SPPW45009XXX,헤리티지S폰월렛 BLACK XXX,B,69,95,87,270
GNGSB001,고잉그레이 쇼핑백 ,C,49,46,93,214
0161-010,"켄싱턴 마스터카톤 M [15.4""~17.3""인치]",A,43,82,62,122
8809823070144,페블 파우치 레몬,C,62,43,18,149
O0SBTT25009XXX,로스코 토트 BLACK XXX,B,64,59,48,151
8809823070328,메모패드 위클리,A,18,40,35,265
024463589469,후이펑 스리라차 大 793g,B,64,10,23,286
O1FBTT70231XXX,엘프나 토트 DEEP GREEN,B,84,5,18,226
O9FSSS01009245,데일즈 스니커즈 BLACK 245,B,77,32,1,78
O2SBCB25130XXX,엘프나 미니 크로스바디+VANILLA CREAM,A,99,78,92,232
O2SBCB01048XXX,레아 크로스바디+CLOUD,B,7,57,31,16
BT_5,공병_5세트,A,37,68,54,173
TL-AF-001,이번 생은 가주가 되겠습니다 아크릴 액자 vol 1. 피렌티아,A,82,30,26,213
900056,아트브러쉬 6종,C,53,61,34,126
8809738598627,드 메모리아 #09 람팡 (30ml),B,5,33,30,71
AB_PCAD_5,페인트컵캐디_5,C,80,62,44,79
0214-02,마스크 (피부 진정 앤 미백) 낱장 1개,A,80,53,88,169
O1FBCB28048XXX,알리 크로스바디 CLOUD XXX,C,26,11,24,141
GNGHRTR004-V01,고잉그레이 트리트먼트 에쉬로제,C,57,28,89,279
8809393501192,프루낵 요구르트 초코 12개입,C,22,95,71,57
8809793590222,이즈프럼 트랩워터 모어라이크 에센스,B,27,56,96,180
DEF001,블랙 삼각 덤벨(1.5kg),C,6,73,63,217
O9FBCB25257XXX,블루밍 크로스바디 AWESOME GREEN XXX,C,79,20,27,135
0057-79,트레이닝 셋업 하의 - 베리페리,C,80,31,68,61
0161-013,"켄싱턴 마스터카톤 XXL [25""~30""인치]",C,75,19,75,47
UG-AF-001,아크릴 액자 매튜 A,C,3,78,85,255
O2SBSD59044XXX,마라케시 2 숄더_MIDNIGHT,A,81,82,86,40
20HAOUMBR,"[하울팟]아웃도어 하네스,M,브라운",C,98,93,36,218
9791196894467,고급 한자 교재1,A,18,43,25,205
RM204T003NT,스파크 아가일(내추럴) Natural_F,B,74,19,93,133
8801121768075,[앨리슨]아몬드 브리즈 바나나 190ml 24개입,C,72,92,24,251
8809733531018,"포인트앤뷰 종이질감 MAG_BLC A7 10.4""",B,96,17,60,172
2110GB000,옛새 기프트백(쇼핑백),B,63,31,76,124
8809744190006,(1매)더블에스지 KF94 마스크,B,3,12,63,44
900081,CB_사자,C,12,51,50,213
CMZ111486,긴팔티화이트,C,14,18,16,214
NKPM5S540P0M13000,"K2005GPB, M, 130",A,56,4,30,232
VD-TG-001,악역의 엔딩은 죽음뿐 티골드 vol.1 페넬로페,B,53,74,96,131
CMZ110410,동물마을 고슴도치,B,58,58,36,85
8801121763964,[앨리슨]아몬드 브리즈 언스위트 950ml ,A,50,1,44,9
O9FSAK21009235,셀럽 누벅 첼시부츠 BLACK 235,C,53,7,87,56
2101FD050,옛새 피그드레스 오 드 퍼퓸 50ML,A,5,49,69,298
CMZ110847,스팟온고양이,B,46,15,11,295
O1SCPT02042066,CARGO PANTS - KHAKI 066,A,66,43,44,80
8809079207585,더퓨어로터스 제주 연꽃잎 오일세럼,A,90,47,34,116
O8FBCB21043XXX,제라드 크로스바디 SMOKY GREEN XXX,A,61,44,70,232
O1SBTT32103XXX,로즈버드 토트 ASH GRAY XXX,C,6,84,48,261
COLOR_HR,색칠북_영웅,B,97,29,26,259
O0FBSD95127XXX,리브숄더TRUE NAVY,B,33,16,33,117
4734832806,베스트 데이 꽃잠 네이처 포맨 워시,C,49,79,96,72
DEF003,블랙 삼각 덤벨(3kg),A,59,43,75,46
10005620001,stripe point slim knit white -S,A,54,8,11,67
O2SPCC07157XXX,루시 카드케이스+SUN GREEN,C,73,41,89,288
O9SBCB81048XXX,로티새들 크로스바디 CLOUD,B,53,13,59,77
s0017,사노핏 초모 애플사이다비니거 파우더 150g,B,54,4,98,103
VD-MT-001,악역의 엔딩은 죽음뿐 마스킹 테이프 vol.1,B,48,2,28,230
O2SBSD14009XXX,아미 숄더_BLACK,A,38,5,84,31
O9FSAK61009230,빅터 누벅 첼시부츠 BLACK 230,C,6,90,75,185
8809823070106,웨이브백 세로형 베이지,C,31,86,15,173
O1FSSS51003250,Alley Sneakers IVORY,A,24,46,41,51
RM204H007NY,유니버셜 멀티 컬러 스크런치(네이비) NAVY_F,C,65,54,77,81
CMZ0043,강아지 우비 3XL,A,80,96,79,171
8801121763940,[앨리슨]아몬드 브리즈 언스위트 190ml 24개입(18801121030971),C,72,28,29,139
72SQ-010117,"포인트앤뷰 개인정보 보호필름 17"" W",B,27,49,12,63
SPIN_COVER,스핀아트보호캡(투명),B,7,43,41,285
0159-008,MOCAR 티셔츠 (화이트XL),C,78,48,51,208
O9FCTS090090FR,NEWYORK PRINT 3/4 SLV T-SHIRTS BLACK 0FR,C,61,31,67,255
10012220002,[TA221OP02P] feminine single coat dress-ivory-1(1),C,16,32,19,18
O0SBBC47048XXX,모르간 버킷 CLOUD XXX,C,3,65,7,66
0214-02,마스크 (피부 진정 앤 미백) 낱장 1개,B,13,12,9,292
0081009,PET BED-Red,A,88,70,64,110
O1SBCB21009XXX,아니스 크로스바디 BLACK XXX,C,87,89,75,175
10012220001,[TA221OP02P] feminine single coat dress-ivory-0(1),C,67,93,23,77
O9FSSS07115240,누볼라 스니커즈 MISTY NAVY 240,C,7,70,95,57
O0SPAC11117XXX,야니랩 MIST XXX,C,17,95,12,188
8809079206847,제주 연꽃잎 에센스 로션,B,17,85,3,220
TRAY_4,공작판_4색,C,14,12,83,22
RM212S001WT235,RM212S001 WHITE,C,5,4,81,71
10000320002,레더 와이드 미들 팬츠-블랙-M,A,29,88,70,132
CMZ0069,고양이터널6,A,9,63,88,14
O1FPAC03009XXX,QUEEN BLACK,C,94,34,78,255
TRAY_BL,공작판_파랑,B,23,50,47,101
7613036961707,스타벅스 콜롬비아 10캡슐,C,54,26,62,95
O9SBCB81231XXX,로티새들크로스바디 DEEPGREEN XXX,C,78,6,99,235
O8FCTS150030FR,SPANGLE POINT T-SHIRT IVORY 0FR,A,51,60,39,33
CP_OV(L),CP_타원(대),C,58,66,17,41
CMZ110021,마약박스 간장 ,B,11,57,40,256
O1SBCB24135XXX,엘프나 크로스바디 BUBBLE PINK XXX,C,51,70,57,29
O8FCTS150230FR,SPANGLE POINT T-SHIRT NAVY 0FR,A,21,9,18,213
CMZ110731,우유팩딸기,B,28,93,85,41
8809393500706,프루낵 제주감귤 20g X 2입,B,7,72,80,98
ADLSKCR001-V01,엘드라뽀 쓰리 세컨 루미너스 크림,C,14,95,60,247
72SQ-010117,"포인트앤뷰 개인정보 보호필름 17"" W",C,70,4,49,50
O1FSSS51003235,Alley Sneakers IVORY,C,11,16,10,75
O2SBCB41152XXX,로렌 크로스바디_STOCK PURPLE,A,22,38,20,45
20LSOU0BR,"[하울팟]아웃도어 리드줄,F,브라운",B,68,48,5,129
0159-004,모카 마스크 ,A,99,55,66,188
8809639173107,길라 사프란 톤업 데이 크림,B,91,35,85,222
Logo Hoody L-grey-M,Small Logo Hoody (L/grey)(사이즈=M),A,54,19,88,28
RM204H009BR,마블 헤어밴드 BROWN _F,A,28,33,80,199
8809990414840,핸들 스트랩 노트북 파우치 M 피넛,A,29,12,59,159
358122321,SILVER Alpha 5W40,A,20,20,92,75
TRAY_4,공작판_4색,A,12,95,30,243
20LSOU0OR,"[하울팟]아웃도어 리드줄,F,오렌지",A,23,58,22,133
O1FBTT17009XXX,셀레나 토트 BLACK,A,74,98,94,262
0159-007,MOCAR 티셔츠 (화이트M),A,11,22,52,189
RM204J009WH,스타버스트 스터드 이어링 WHITE_F,B,3,30,66,57
7118409000262,센터피스(실천),C,40,41,21,178
6261108117326,샤프란 향신료 20g,C,12,12,47,97
CP_HX(S),CP_육각(소),A,65,72,22,76
s0019,리밸런스비니거 1L병,B,18,43,29,234
AB-COFI,CO_물고기,C,11,86,83,42
900020,워터페인트 250ml 흰색,A,76,83,43,70
O1FPCC04145XXX,티라 1단 카드케이스 WAVE BLUE,C,90,53,50,274
CMZ110878,모래삽,C,30,78,40,188
8809733531155,"포인트앤뷰 지문방지 AFP_BLC LG 그램360 14""W",B,44,6,63,280
RM204J017WH,다이애나 스파클 허기 이어링 WHITE_F,A,34,90,66,74
CMZ110878,모래삽,B,87,35,34,168
CNLMUBL005-V02,돔-글 블러셔 #HL01 내추럴하이라이터,B,69,13,44,116
O0FBTT84004XXX,로티 새들 토트CREAMXXX,C,59,20,78,168
O8FCTS150230FR,SPANGLE POINT T-SHIRT NAVY 0FR,B,26,3,42,202
O0SGAC03000XXX,폭스폼폼,C,74,50,93,66
8809491945485,길라 롱웨어 립크림 12호,B,46,71,49,227
8003753158679,캡슐커피: 일리 네스프레소 호환캡슐 클라시코,A,5,96,27,164
O1FSSO54009235,헤리티지 L 스니커즈 BLACK,B,92,39,78,72
O0SBCB80006XXX,마고 크로스바디 EMERALD XXX,A,62,47,16,212
Half Zip-up D-green-L,Ballon Half Zip-up (D/green)(사이즈=L),B,55,76,87,148
O1SCDR010090FR,SHIRTS COLLAR GATHER DRESS - BLACK 0FR,C,24,57,2,17
10013720003,[TA221JK52P] stitch slim jacket-navy-2,C,39,11,40,139
O0FCDR220090FR,캣프린트 후디드 드레스BLACK,C,1,25,72,298
10012320001,[TA221JK01P] double breast stripe suit(jacket)-black-0,C,60,62,12,5
O9SSDV27002230,데이나 포포 드라이빙슈즈 SILVER 230,C,85,53,40,290
CMZ110823,스팟온중형견,C,55,39,39,243
O9SPLP31051XXX,엘드리지 장지갑 GINGER XXX,A,33,46,56,196
4734832806,베스트 데이 꽃잠 네이처 포맨 워시,C,52,73,79,150
CMZ110663,강아지양고기사료,B,40,65,59,73
Sunday T/sh-Ivory-M,선데이-아이보리,A,34,13,34,198
8809356270240,모이스처라이징 마유마스크,B,13,63,50,134
8809491945485,길라 롱웨어 립크림 12호,A,41,86,27,98
CMZ110236,레알 나비 막대봉 (핑크),B,56,96,2,131
O0FBTT22231XXX,케이티 미니토트DEEP GREENXXX,C,11,48,49,272
CMZ110199,요술 막대봉,B,38,5,17,145
O1FBTT70009XXX,엘프나 토트 BLACK,C,38,95,68,179
O0FSHT46009230,그리니 하이탑 스니커즈 BLACK,A,72,89,36,204
4734832806,베스트 데이 꽃잠 네이처 포맨 워시,B,67,9,29,4
8809738598627,드 메모리아 #09 람팡 (30ml),B,30,57,41,243
O1SBSD64118XXX,티라 숄더 TOFFEE TAN,A,61,30,76,175
O1SBBP07009XXX,엘리미니백팩 BLACK,A,22,72,70,157
2130001111007,레지옹-다크브라운,B,47,21,93,130
10004220001,stripe wide pintuck pants-stripe-s,C,64,34,29,117
O1FSSS51043240,Alley Sneakers SMOKY GREEN,A,80,22,63,290
7613036961707,스타벅스 콜롬비아 10캡슐,A,84,48,38,263
SC_50ml_1,뽀족캡공병50ml(흰색),C,34,94,89,211
8809793590093,쓰리블랜드오일 미니,C,96,82,45,105
0206-1,multi cooler bag-green 포장박스,A,66,95,2,283
900017,워터페인트 250ml 파랑색,A,74,56,50,271
RM212S002IV240,RM212S002IVORY,C,80,73,71,73
O1SBCB09009XXX,미나 크로스바디 BLACK,A,3,44,55,284
CMZ110380,아기공룡사우르스 블루,B,52,45,96,188
O1FCLW02009066,LEATHER RUFFLE BOMBER BLACK,A,43,28,50,290
10013720001,[TA221JK52P] stitch slim jacket-navy-0,A,55,45,22,198
CNLMUBL005-V02,돔-글 블러셔 #HL01 내추럴하이라이터,B,95,92,74,65
9BDSKIT3,그란디디에 다즐링홍차 브라이트닝에센스25ML,C,66,13,14,277
UG-AF-001,아크릴 액자 매튜 A,C,81,84,50,60
8809738598641-1,드 메모리아 #11 타이오 (1.2ml),A,61,70,42,70
O1SBTT37133XXX,아미나 토트 SAND BROWN,B,2,90,8,27
CMZ110519,스테인레스 끈 가로용,B,63,35,48,72
8801121025666,[앨리슨]아몬드 브리즈 뉴트리플러스 프로틴 190ml 24개입(18801121031015),B,68,24,4,46
AB_CORD,CO_원(솜),C,37,14,58,128
8809990414840,핸들 스트랩 노트북 파우치 M 피넛,C,3,81,51,226
O1FBCB39009XXX,빌리 크로스바디 BLACK,B,61,81,42,154
5285001955510,Elegance Transparent Pomade Hair Gel Wax 250ml,C,79,45,62,86
10013320003,[TA221KT23P] color block cashmere knit-brown-2,C,31,54,61,172
O9FHSK0723100L,FLARE LEATHER SKIRT DEEP GREEN 00L,C,35,79,15,219
9791197250842,원어민 섀도잉 회화 2,A,87,85,29,209
RM204J010GD,소피 허기 ? 이어링 GOLD_F,A,38,89,44,182
CP_HX(S),CP_육각(소),C,33,55,84,14
0210SET1,"크림세트A-크림 3,비누 2,크림샘플 1",A,30,17,64,157
10012920002,[2차 리오더] [TA221JK04P] snow white classic jacket-ivory-1,A,28,30,55,203
8809085104250,샤르드 구름앰플 1주키트,A,87,80,97,49
VD-MT-001,악역의 엔딩은 죽음뿐 마스킹 테이프 vol.1,C,51,52,15,49
IN-AK-001,인소의 법칙 아크릴 키링 A. 함단이,C,84,11,89,25
O1SBSD64118XXX,티라 숄더 TOFFEE TAN,B,30,80,56,50
CNLMULS008-V01,플러피 벨벳 립 무스 #RD01,C,26,99,5,78
O2SBSD02133XXX,레아 숄더_SAND BROWN,B,9,42,29,64
s0016,사노핏 엘라스틴 콜라겐,C,14,2,32,183
9791197250873,유하다요기초일본어2,B,69,21,96,26
CMZ110229,레알 나비 막대봉 (바이올렛),C,53,63,41,262
8809733531179,"포인트앤뷰 지문방지 AFP_BLC 갤럭시 북프로 360 13""W9",C,21,3,33,92
ONF-ST-001,온오어오프 다이어리 꾸미기 스티커 vol.1,C,12,30,77,134
8809079206847,제주 연꽃잎 에센스 로션,B,11,21,39,132
8809733531117,"포인트앤뷰 종이질감 MAG_BLC 프로3세대 M1 11""",C,4,50,81,93
CBR_3,칼라붓3,C,56,85,89,215
O2SBCB25152XXX,엘프나 미니 크로스바디+STOCK PURPLE,C,53,96,31,297
5285001952168,Elegance Hair Serum Aloe Vera 300ml,B,25,68,70,292
O1FPAC24009XXX,마이크로 루키 BLACK XXX,A,75,92,41,245
O1FBTT28140XXX,카일리 토트 PECAN BROWN,B,73,29,34,21
O1SBCB35118XXX,바히아 크로스바디 TOFFEE TAN XXX,C,94,68,47,6
s0026,마이 애사비 라인핏 12개월 (2입),A,93,33,45,182
O0SBBC47048XXX,모르간 버킷 CLOUD XXX,C,52,25,19,200
8809497140259,길라 사프란 톤업 리페어 크림,B,71,27,40,46
20LSOU0OR,"[하울팟]아웃도어 리드줄,F,오렌지",A,35,13,30,279
Short Pants Green-L,반바지-그린 컬러,B,59,20,84,94
NBPD7F804W10265,"MRL247WR, (10), 265",B,26,66,76,254
8809563068340,베지크 슈퍼 화이트닝 세럼,C,64,13,81,74
O0FBTT21009XXX,케이티 크로커 미니토트BLACKXXX,C,99,64,13,152
O1SBCB45009XXX,마조렐크로스바디 BLACK XXX,C,94,58,4,115
CMZ110083,스크래쳐리필,B,94,83,62,203
CNLMULS004-V02,비트윈러브 틴티드 립 #CR01,B,21,7,7,91
AB_DP_5CUP,드롭퍼_물통,C,96,11,11,147
8809733531070,"포인트앤뷰 지문방지 AFP_BLC 에어4세대 10.9""",A,69,25,3,220
8809614952611,더퓨어로터스 연꽃잎 마스크 피부진정 앤 미백 [1box/5ea],B,46,12,26,214
RR_6,고무롤러6,A,19,35,70,278
O1FSSS51009245,Alley Sneakers BLACK,B,89,38,92,148
O1SBTT42130XXX,소피아 토트 VANILLA CREAM,B,71,39,51,114
s0016,사노핏 엘라스틴 콜라겐,C,88,94,57,37
O9SSSR78019235,크루니슬리퍼 CARAMEL 235,A,26,22,25,200
s0024,마이 애사비 라인 핏 구미,A,3,84,37,93
O2SBCB46149XXX,루키 크랙 크로스바디-BUTTER CREAM,A,77,63,83,94
CMZ0025,크리스마스 루돌프,C,73,11,10,1
0114-02,캐칭환 꽐라프리 1봉지(50포),B,42,84,23,127
RM204J008GD,미정마야 버블드 클러스터 허기 이어링 GOLD_F,A,45,71,78,220
8809823070373,Biscuit Rol S 코발트블루,B,1,34,81,17
8809653770702,(10매) 에어퀸 나노마스크  고무줄묶음피킹,B,72,43,53,281
72SQ-0100467,"포인트앤뷰 모바일 보안필름 갤럭시 S21 (6.7"")",A,74,74,45,92
RM212S001WT240,RM212S001 WHITE,A,8,56,90,232
8809653771143,에어퀸 네오마스크(2매)(애쉬 그레이)[낱장피킹],A,97,9,13,11
8809733531216,"포인트앤뷰 종이질감 MAG_BLC LG 그램360 16""W",C,21,24,68,6
TRAY_RD,공작판_빨강,A,12,27,10,248
8809793590147,쓰리블랜드오일 미니 쿨리,C,36,96,14,58
0210SET7,"4종세트-크림 1,반지롱세럼 1,에센스 1,스킨",C,53,55,90,286
8809733531278,"포인트앤뷰 지문방지 AFP_BLC S8+ 12.4""",A,52,86,26,170
IN-MS-002,인소의 법칙 문구세트 _반여령,C,98,2,99,212
CMZ110786,고양이 창문 장난감,A,19,73,68,228
AB-COFI,CO_물고기,A,17,47,77,106
O0SBCB24048XXX,로스코 미니 크로스바디 CLOUD XXX,B,7,2,22,268
8809733531070,"포인트앤뷰 지문방지 AFP_BLC 에어4세대 10.9""",A,48,14,57,203
O1SCPT02042055,CARGO PANTS - KHAKI 055,A,18,48,22,92
DOTCP10_TRANS,도트 칼라색칠도안 운송_도로10매(8절) ,A,76,47,50,130
9CBR0000110,베르벨라아크미멜로우피니쉬프레스드파우더(내수용),B,74,60,58,106
NBPA7F803E1522000,"CRT300ME, (15)Gray, 220",B,62,73,8,5
O2SBSP07009XXX,코니 쇼퍼_BLACK,B,69,20,36,174
O9SSDV27002235,데이나 포포 드라이빙슈즈 SILVER 235,B,86,96,97,3
2101VF011,옛새 벨벳포레스트 오 드 퍼퓸 11ML,B,41,18,23,165
CMZ111790,천해먹 그레이,C,36,42,82,153
CMZ110540,"고양이 윈도우 해먹5 (끈2개,흡착판2개)",A,69,65,7,285
CBR_5,칼라붓5,C,39,76,99,233
O9FBCB31116XXX,벤틀리 크로스바디 SHADOW YELLOW XXX,B,60,53,18,219
BOOK_NO,미니도트북_숫자,C,3,88,49,115
O0SCTS080010FR,HEART EMBROIDERY T-SHIRTS O0SCTS080010FR,A,11,30,22,116
RM204H007GN,유니버셜 멀티 컬러 스크런치(그린) GREEN_F,B,45,45,15,275
9791191687026,유하다요기초일본어7,B,20,35,57,78
O1SBCB24135XXX,엘프나 크로스바디 BUBBLE PINK XXX,A,40,55,79,32
RM204J017YE,다이애나 스파클 허기 이어링 YELLOW_F,A,77,10,12,93
2101VF050,옛새 벨벳포레스트 오 드 퍼퓸 50ML,C,27,45,46,278
72CP-010216,"개인정보 보호필름 16"" W",C,41,5,4,207
Half Zip-up L-grey-L,Ballon Half Zip-up (L/grey)(사이즈=L),B,53,35,25,231
AB-CBIS,CB_곤충,C,32,43,5,180
PLAYTRAY_G,트레이_G,B,39,62,91,229
O1FBTT31145XXX,조앤 토트-WAVE BLUE,A,65,30,68,211
O9FHPT0625900S,WIDE LEATHER PANTS BRICK 00S,A,64,36,1,16
O9FSAK22009245,셀럽 엣지 첼시부츠 BLACK 245,B,77,62,28,78
O1FBBC16130XXX,셀레나 버킷 VANILLA CREAM,B,63,82,89,161
900052,페인트파레트,A,21,87,51,118
EVA_BOY,렛츠페인트 물감찍기 (남아용)하늘색,B,26,61,94,137
0160-04,닥터도넛 흑돼지 펫샐러드,B,15,42,34,59
0057-67,슬림핏 트레이닝 셋업 상의 - 그레이,C,23,91,46,147
CNLMUBL003-V02,돔-글 블러셔 #CR01 진저코랄,A,4,24,19,181
TRAY_YL,공작판_노랑,C,40,5,40,35
8809823070328,메모패드 위클리,C,58,94,40,92
CMZ110304,쇼파 스크래쳐,A,86,62,49,33
CMZ110021,마약박스 간장 ,B,61,5,89,149
10013920003,[TA221VT53P] stitch slim vest-brown-2,C,39,38,45,238
900005,워터페인트 120ml 12색,C,12,81,70,121
0057-73,new 로고티 - 그레이,B,50,7,49,158
s0013,사노핏 아르간 커넬 오일 1개월 프로그램,A,35,10,63,62
O0SPPH91092XXX,보우 파우치 LIGHT GREY XXX,B,32,7,63,48
RM211S001GN240,마텔 프린트 패턴,B,41,36,88,205
UG-PS-001,녹색전상 포스터&사진세트,C,48,45,42,216
SPIN_PLATE,스핀아트회전판(회색),B,95,4,18,90
CMZ110878,모래삽,B,45,77,44,244
O2SBCB25130XXX,엘프나 미니 크로스바디+VANILLA CREAM,C,11,43,71,196
CNLMUBL004-V02,돔-글 블러셔 #CR02 피치코랄,C,57,66,31,40
Logo Hoody Blue-L,로고 후드-블루 컬러,A,87,90,44,61
8802863124518,제이엠마그네슘,C,67,42,43,153
8809738315583,유스바이오틱스 연꽃 발효 컨센트레이트 크림,B,11,39,98,294
s0017,사노핏 초모 애플사이다비니거 파우더 150g,B,47,89,75,236
O1SCLW05009066,LEATHER SHORT JACKET - BLACK,C,20,82,96,169
86542258,중급한자1,B,90,14,31,209
Logo Hoody L-grey-S,Small Logo Hoody (L/grey)(사이즈=S),B,83,25,90,177
8809465970314,은가비 감귤대추한과,C,53,11,9,132
O7FBBP84009XXX,로이스 백팩 N BLACK XXX,A,49,73,89,174
72SQ-010215,"포인트앤뷰 개인정보 보호필름 15.4"" W",B,25,47,58,110
8809657119231,길라 롱웨어 디디 쿠션 #02,A,15,55,73,270
RM212S002IV230,RM212S002IVORY,B,80,28,38,52
900020,워터페인트 250ml 흰색,C,85,16,26,148
2101VF050,옛새 벨벳포레스트 오 드 퍼퓸 50ML,B,48,63,64,284
IN-AS-002,인소의 법칙 아크릴 스탠드 B. 유천영,C,3,92,5,148
0214-80,세트박스 패드 (샴푸 260ML 2종),B,23,11,38,273
8809990340262,젖병세정제,A,1,27,3,75
O1FBCB20142XXX,엘레나 크로스바디 JADE GREEN,C,57,20,25,2
O9FHPT0625900S,WIDE LEATHER PANTS BRICK 00S,B,16,59,5,222
O1FPAC02141XXX,LIGHT 2 LEAF OLIVE,A,25,96,57,114
AB-COFL,CO_꽃,B,20,1,67,53
O1FBSD68143XXX,그레타 숄더 BRICK ORANGE,C,12,48,25,43
O1FPHP13009XXX,넬리 반지갑 BLACK,C,56,24,88,36
O1FBBC16009XXX,셀레나 버킷 BLACK,C,9,53,73,285
O1FGAC10012XXX,미니 폼폼이+MERLOT,C,47,86,78,259
8809823070298,다이어리 블랙,C,67,32,99,36
IN-AK-004,인소의 법칙 아크릴 키링 D. 유천영,B,60,76,1,66
RM204H005PI,핸드메이드 소프트 셔닐 스크런치(핑크) PINK_F,B,10,94,53,1
CMZ111271,애옹냥,A,43,43,35,155
O2SPCC20156XXX,리아 카드케이스+SUN RED,B,15,87,1,132
8802863124532,제이엠 비컴포르테,B,43,19,92,280
O9SSDV27002230,데이나 포포 드라이빙슈즈 SILVER 230,B,98,43,11,228
O1FPCC04130XXX,티라 1단 카드케이스 VANILLA CREAM,B,74,61,79,267
O1FBCB37048XXX,리사 크로스바디 CLOUD XXX,C,23,65,30,226
10000920001,싱글 브레스트 슬림핏 롱 코트-네이비-S,B,43,95,72,192
8809079206854,더퓨어로터스 제주 연꽃잎 에센스,B,82,33,84,186
PP204P0486PK,Giraffe friends 6pack for baby,C,94,68,53,298
O9SSLF35103230,델루카 로퍼 ASH GREY 230,C,37,63,66,183
O9SBCB81150XXX,로티 새들 크로스바디+SPACE BLUE,A,34,43,65,31
0057-68,슬림핏 트레이닝 셋업 - 베리페리,C,36,93,99,175
8802863124532,제이엠 비컴포르테,A,8,9,65,166
EVA_BOY,렛츠페인트 물감찍기 (남아용)하늘색,B,82,35,85,180
900095,CV_해바라기,B,58,27,41,233
O1FBBC09009XXX,미셀 버킷 BLACK,B,56,70,22,222
BGLMUMA001-V01,벨그림 리치컬링 픽스카라,C,55,52,49,223
O5NBCB08122XXX,테일러 ROSETTE XXX,A,36,18,46,37
GNGHRTR003-V01,고잉그레이 트리트먼트 블루문네이비,B,59,23,72,44
O0FPAC23004XXX,마이크로 로티CREAMXXX,C,36,29,87,133
O9FSAK22009245,셀럽 엣지 첼시부츠 BLACK 245,A,67,78,64,174
O1FBCB37009XXX,리사 크로스바디 BLACK XXX,C,58,75,17,77
O1SBCB31136XXX,로즈버드 크로스바디 TANGERINE XXX,A,23,8,38,293
O1FBSP41009XXX,엘렌 쇼퍼 BLACK,B,41,82,53,211
O0FCCT25009077,후드 벨티드 울 코드 BLACK 077,B,42,76,5,175
O9FHSK0723100L,FLARE LEATHER SKIRT DEEP GREEN 00L,B,28,96,88,272
SFWJPO01,부먹찌먹탕수육 팝콘색,A,42,35,83,67
10000920001,싱글 브레스트 슬림핏 롱 코트-네이비-S,A,66,81,86,229
O1SBCB45009XXX,마조렐크로스바디 BLACK XXX,A,38,52,18,15
O1SBBC58240XXX,브리즈버킷 LATTE BEIGE XXX,B,84,27,55,232
Short Pants M-grey-M,반바지-그레이 컬러,B,60,45,31,18
O0FBCB43118XXX,루키크로스바디 TOFFEE TAN,A,72,80,63,221
70311013,2개월만에 끝내는 하루5분기초일본어회화,A,94,98,11,249
O1SBCB21009XXX,아니스 크로스바디 BLACK XXX,A,11,46,30,257
5038234417,꽃잠 네이처 프리미엄 버진에센스,A,69,70,13,198
RM212S002IV245,RM212S002IVORY,C,91,10,24,62
9791196894474,고급 한자 교재2,B,49,93,51,15
O0SBCB87017XXX,루빈 크로스바디 LAVA RED XXX,B,76,95,44,22
O9FSAK22009250,셀럽 엣지 첼시부츠 BLACK 250,B,67,96,58,57
O1FSSO54009230,헤리티지 L 스니커즈 BLACK,B,43,58,86,257
CMZ111370,반팔티살구,B,74,66,9,242
O1FSSO53031230,헤리티지 스니커즈 DARK GREY,B,67,45,62,21
O2SBSP17009XXX,사나 쇼퍼_BLACK,B,37,7,89,137
O0SPPH91092XXX,보우 파우치 LIGHT GREY XXX,A,26,77,81,223
CMZ111394,반팔티아보카도,B,53,23,73,276
O1FBBC37117XXX,리즈 버킷 MIST,A,98,65,30,91
O9FSSS01009245,데일즈 스니커즈 BLACK 245,B,37,65,28,134
O0FPAC23009XXX,마이크로 로티 BLACK XXX,C,37,92,99,162
BOOK-009,과호흡(애니메이션 DVD),C,89,24,41,270
9791191687002,유하다요기초일본어5,C,20,43,60,206
O2SPCC20157XXX,리아 카드케이스+SUN GREEN,C,68,25,76,41
10013620003,[TA221JK52P] stitch slim jacket-brown-2,B,62,61,47,55
O1FBTT17009XXX,셀레나 토트 BLACK,B,43,15,29,76
RM204J014GN,레이 앤 필 스터드 세트 GREEN_,C,30,14,97,162
72SQ-010116,"포인트앤뷰 개인정보 보호필름 16"" W9",A,44,36,92,263
AB_DPS,드롭퍼놀이세트(박스),C,19,12,25,63
s0021,마이 애사비 라인 핏 6개월 (1입),B,80,7,38,102
CMZ110083,스크래쳐리필,B,89,57,48,107
8809614952611,더퓨어로터스 연꽃잎 마스크 피부진정 앤 미백 [1box/5ea],A,20,24,71,236
Short Pants M-grey-M,반바지-그레이 컬러,C,31,79,32,110
s0016,사노핏 엘라스틴 콜라겐,A,80,85,81,55
O1FSSO53031230,헤리티지 스니커즈 DARK GREY,B,62,6,74,109
8809079204096,더퓨어로터스 제주 연꽃잎 & 레몬 미스트,A,14,31,98,15
0161-011,"켄싱턴 마스터카톤 L [18.1""~21.6""인치]",C,97,61,57,131
0072-04,포스터 박스(부자재),B,71,27,93,121
8809823070342,메모패드 해빗트래커,A,97,75,81,262
8809733531216,"포인트앤뷰 종이질감 MAG_BLC LG 그램360 16""W",A,93,7,30,231
10007720001,stripe slim rib knit-grey-onesize,B,36,54,6,10
10004220002,stripe wide pintuck pants-stripe-m,A,86,50,25,146
358122841,ATF6~8(20L),C,72,92,19,209
O1FBSP41009XXX,엘렌 쇼퍼 BLACK,C,81,36,91,167
8809465970307,은가비 감귤과즐,C,99,91,95,98
8809085105189,샤르드 구름엠플 3주키트,B,92,6,51,91
CMZ110410,동물마을 고슴도치,C,10,27,50,279
O0SBCB80006XXX,마고 크로스바디 EMERALD XXX,C,53,29,89,11
Logo Hoody L-grey-XL,Small Logo Hoody (L/grey)(사이즈=XL),A,18,78,64,253
10008220002,[TA212JK01P] power shoulder single tailored suit(jacket)-black-1,B,79,5,91,291
111222,박스,A,54,63,3,46
8809491945447,길라 롱웨어 립크림 08호,C,96,78,53,66
VD-PC-001,악역의 엔딩은 죽음뿐 엽서세트 (6종+봉투),B,36,28,60,135
O1SBCB24140XXX,엘프나 크로스바디 PECAN BROWN,C,33,65,53,12
10003020001,oversized linen jacket-skyblue-S,A,8,28,43,1
AB_PCAD_10,페인트컵캐디_10,A,98,36,17,111
4082300784169,연료첨가제 120ml 용기 / 휘발유용,A,81,29,14,220
8809733531063,"포인트앤뷰 지문방지 AFP_BLC 9세대 10.2""",A,8,69,69,152
UG-AF-001,아크릴 액자 매튜 A,A,98,30,92,228
O0FSHT46009235,그리니 하이탑 스니커즈 BLACK,A,94,46,92,6
CMZ111103,실타래 장난감 10호,B,71,25,80,135
8003753158730,캡슐커피: 일리 네스프레소 호환캡슐 롱고 ,B,84,26,66,105
RM212S002IV245,RM212S002IVORY,C,93,49,99,200
O2SBCB01048XXX,레아 크로스바디+CLOUD,B,62,22,11,101
O1FPPW46130XXX,마일리 폰월렛 VANILLA CREAM,A,91,80,48,184
8801121763957,[앨리슨]아몬드 브리즈 오리지널 950ml ,A,41,34,64,233
O0SCTS092620FR,BELIEVE PRINT T-SHIRTS,C,93,75,44,117
8802863124525,제이엠셀레늄아연,C,48,87,35,95
A0001,아큐민 수용성 커큐민 정제 1개월,B,38,61,52,136
0161-011,"켄싱턴 마스터카톤 L [18.1""~21.6""인치]",B,78,22,10,44
0081009,PET BED-Red,A,53,20,10,119
CMZ111356,반팔티베이지,B,43,40,10,37
O1SBCB31009XXX,로즈버드 크로스바디 BLACK XXX,A,2,14,50,6
HLW-TNMP1S.AKRG2SV1 (Super-z),Super-z,A,2,93,91,176
7118409000231,토킹피스 빅벌새,A,33,54,35,235
IN-ST-001,인소의 법칙 리무버블 스티커 vol.1,A,88,2,44,9
0114-02,캐칭환 꽐라프리 1봉지(50포),A,64,6,30,240
RM211H005NY,Ponytail Medium Scrunchie Navy,C,72,69,36,15
O6FBCB22125XXX,테일러 MID NEO MINT XXX,B,10,57,77,10
8809990116430,알라뷰티 청열 약수크림,C,14,62,96,76
O1FBSD06139XXX,제인숄더 FOSSIL TAUPE,A,49,75,31,236
7118409000008,토킹피스 사과(레드),A,43,1,56,226
024463061095,후이펑 스리라차 中 482g,A,43,97,52,290
AB_PCB,칼라컵_파랑,A,38,10,49,250
MTFMUFD001-V01,민트팩토리 원 드롭 셋-업 파운데이션21 래스팅 아이보리,B,86,47,41,132
900008,워터페인트 250ml 12색,A,81,11,43,197
O1FBCB20146XXX,엘레나 크로스바디 STONE GREY,A,14,30,1,20
O2SBSD02133XXX,레아 숄더_SAND BROWN,A,46,9,9,28
O1FPAC03009XXX,QUEEN BLACK,B,43,53,58,281
CMZ110038,마약박스 냥이버스,C,39,85,7,5
O1SBBC15014XXX,사나 버킷 WARM GRAY XXX,A,99,29,51,288
O9SBCB21009XXX,다이너 크로스바디 BLACK XXX,C,20,36,67,204
10000920002,싱글 브레스트 슬림핏 롱 코트-네이비-M,C,35,62,83,270
8809744190112,(1매)구디즈 KF94 마스크(화이트/흰색),B,51,74,50,270
O9SSDV27062230,데이나 포포 드라이빙슈즈 LAVENDER 230,B,20,37,58,39
8809823070434,Handle Strap Laptop Pouch / iPad-16 inch사이즈: L(15-16인치 용) / 색상: 더스티로즈,B,13,2,93,143
8809079202863,제주 연꽃잎 샴푸 중건성 타입,B,88,96,42,35
10000920001,싱글 브레스트 슬림핏 롱 코트-네이비-S,B,26,83,69,197
O1FSSS51003235,Alley Sneakers IVORY,C,10,78,72,85
AB-DP5_A,드롭퍼세트5-A(비닐포장),B,8,66,88,175
8809653770610,브레스 대형,A,67,88,40,162
0057-72,new 로고티 - 핑크,B,76,44,35,6
s0006,사노핏 사과초모식초 젤리,B,11,47,88,69
O9SSDV27062225,데이나 포포 드라이빙슈즈 LAVENDER 225,A,20,60,96,85
802980111116,히말라야 핑크솔트,B,64,31,44,125
CMZ110571,조개빗브라운,B,87,75,70,110
CMZ110366,스컹크,A,88,67,59,53
O2FBCB01009XXX,캐리R 크로스바디_BLACK,C,55,89,53,283
3926909090,Silicone colander strainer ,B,94,57,2,161
AB-PC10,칼라컵10,B,14,80,98,14
O2SBTT11009XXX,코지 토트+BLACK,B,22,77,33,113
10007720001,stripe slim rib knit-grey-onesize,B,93,29,18,93
70311013,2개월만에 끝내는 하루5분기초일본어회화,A,77,4,62,121
O0FBCB43150XXX,루키 크로스바디-SPACE BLUE,C,53,11,47,190
8809772780095,제주 연꽃잎 무실리콘 중건성 샴푸 260ml,B,47,57,54,245
8809733531117,"포인트앤뷰 종이질감 MAG_BLC 프로3세대 M1 11""",C,86,93,34,78
10011720001,[TA212JK05P] tailored velvet coat-navy-0,B,22,12,42,225
O1FBTT70231XXX,엘프나 토트 DEEP GREEN,B,50,54,37,125
7613036961646,스타벅스 에스프레소 로스트 10캡슐,A,27,85,7,1
O1SBBC70130XXX,마틀렌 버킷 VANILLA CREAM XXX,B,32,39,94,142
0210SET7,"4종세트-크림 1,반지롱세럼 1,에센스 1,스킨",C,38,87,37,264
O2SBCB41009XXX,로렌 크로스바디_BLACK,B,14,38,64,51
O2SBBC21149XXX,루미 버킷_BUTTER CREAM,C,93,82,63,188
O0FSHT46009235,그리니 하이탑 스니커즈 BLACK,C,30,52,62,146
72CP-010224,"개인정보 보호필름 24"" W9_쿠팡제트배송",A,41,26,88,213
7118409000011,이음카드[사진편],B,93,34,49,256
10013520002,[TA221SH41P] soft volume blouse-mint grey-2,C,61,62,60,26
8801121768068,[앨리슨]아몬드 브리즈 초콜릿 190ml 24개입,C,15,16,3,121
8809733531193,"포인트앤뷰 종이질감 MAG_BLC 갤럭시 북프로 360 15""W9",C,89,55,13,59
0159-004,모카 마스크 ,A,20,87,79,92
10010220001,[TA212CT02P] A-line single long coat-greige-0,A,76,45,94,215
72SQ-020600,포인트앤뷰 BLC 15.6W9,A,79,42,35,33
10011720001,[TA212JK05P] tailored velvet coat-navy-0,B,9,95,46,42
Sunday T/sh-Ivory-M,선데이-아이보리,C,27,57,4,50
s0012,사노핏 몽모랑시 타트체리,A,35,84,61,280
O0SBCL54007XXX,테일러 클러치 PEWTER XXX,C,36,38,53,273
8809079207219,더퓨어로터스 제주 보태니컬 선크림,B,56,10,40,98
RR_6,고무롤러6,B,66,38,82,118
AB_CS_VGSF,MS_해바라기,B,46,71,70,50
CMZ110465,동물의 숲 악어,B,82,46,58,252
IN-PC-001,인소의 법칙 엽서세트 (3종+봉투),A,75,33,68,52
8809733531223,"포인트앤뷰 종이질감 MAG_BLC LG 그램360 14""W",A,35,99,21,94
10013320003,[TA221KT23P] color block cashmere knit-brown-2,B,36,37,25,145
8809653771143,에어퀸 네오마스크(2매)(애쉬 그레이)[낱장피킹],C,31,80,91,66
10010920002,[TA212JK07P_TA212SK07P] tweed pocket skirt set up(set)-1,B,41,8,46,103
CMZ110908,발톱깎기블루,A,79,13,22,243
O0SPAC02009XXX,램지팟 BLACK XXX,B,5,92,34,264
CNLMULS001-V02,비트윈러브 틴티드 립 #RD01,C,23,16,22,88
CMZ110403,동물마을 고래,A,27,94,96,59
O8FBCB21043XXX,제라드 크로스바디 SMOKY GREEN XXX,B,33,63,88,275
AB-COSF,CO_눈결정,A,28,15,50,203
O1FCLW02009066,LEATHER RUFFLE BOMBER BLACK,B,30,24,28,230
0057-76,new 로고티 - 카키,B,93,30,33,221
LSSS21B002BK,스와치백 블랙,A,90,53,32,286
8809733530066,칠십이스퀘어핸드세니타이저액(에탄올)-30ml,B,24,95,52,253
AB-PC10,칼라컵10,A,54,8,85,61
O0FCPT210090FR,애플프린트 조거팬츠BLACK,B,57,40,58,269
8809079206847,제주 연꽃잎 에센스 로션,C,44,75,91,223
10012920002,[2차 리오더] [TA221JK04P] snow white classic jacket-ivory-1,B,74,15,55,66
8809393501260,프루낵 콜라 초코 12개입,B,36,48,61,245
Love ya T/sh-M-grey-L,러브야-멜란지 그레이,A,68,67,17,178
CMZ111288,박력냥,B,16,31,33,59
CMZ111257,꺼내줘냥,A,51,5,68,28
8809793590147,쓰리블랜드오일 미니 쿨리,A,18,46,34,188
O0SBCB87048XXX,루빈 크로스바디 CLOUD XXX,B,61,96,36,220
8809653770498,에어퀸 브레스 중형 1팩 (팩피킹),C,53,8,23,210
8809653770511,에어퀸 브레스 나이트 1팩(팩피킹),C,45,78,2,124
2101FD011,옛새 피그드레스 오 드 퍼퓸 11ML,C,42,76,19,277
O0SBCB90004XXX,데이지 크로스바디 CREAM XXX,A,88,95,20,203
8809823070106,웨이브백 세로형 베이지,A,36,47,56,107
O2SBSD31009XXX,노아 숄더_BLACK,B,19,45,10,154
CMZ110595,조개빗오렌지,C,17,26,64,148
DEF002,블랙 삼각 덤벨(2kg),B,21,85,55,213
0214-80,세트박스 패드 (샴푸 260ML 2종),A,94,76,98,67
9791191687019,유하다요기초일본어6,A,77,75,85,299
O0SBTT25118XXX,로스코토트 TOFFEE TAN,C,65,78,28,277
O1SBCB24130XXX,엘프나 크로스바디 VANILLA CREAM XXX,B,1,52,79,65
0057-73,new 로고티 - 그레이,C,94,18,40,52
IN-SS-001, 인소의 법칙 수면안대 A단이,B,78,53,46,232
7118409000057,갈등해결질문카드,A,62,83,88,165
O1SPLP16130XXX,티라 1단 장지갑 VANILLA CREAM XXX,B,67,85,94,38
O1FBTT55009XXX,벨라 토트 BLACK,A,80,84,55,42
O0FBTT84004XXX,로티 새들 토트CREAMXXX,C,9,2,84,132
9791197250880,유하다요기초일본어3,A,65,28,31,199
O0FSSO02009235,벨로아 헤리티지 스니커즈 BLACK 235,A,52,55,48,29
0159-007,MOCAR 티셔츠 (화이트M),B,80,31,35,142
O1SBCB27130XXX,알리 크로스바디 VANILLA CREAM XXX,A,15,62,41,180
BL2103,버튼립스틱 07.퓨어코랄,C,36,35,84,258
O9SBCB81138XXX,로티새들크로스바디 BABY GREEN XXX,B,52,27,18,231
O0FBTT21009XXX,케이티 크로커 미니토트BLACKXXX,B,36,78,30,44
8809393501147,프루낵 화이트 초코 5개입,B,89,33,31,149
7613036961844,스타벅스 디카프 10캡슐,A,29,25,77,186
8809733531018,"포인트앤뷰 종이질감 MAG_BLC A7 10.4""",B,31,89,92,259
358122231,XVANCE GP7000 5W30 1L(V),C,37,91,80,204
72SQ-010214,"포인트앤뷰 개인정보 보호필름 14.1"" W",C,99,86,96,34
0210SET7,"4종세트-크림 1,반지롱세럼 1,에센스 1,스킨",A,86,94,21,272
O2SGAC11116XXX,가죽 파우치_SHADOW YELLOW,A,76,21,37,19
O2SBSD59153XXX,마라케시 2 숄더_MANGO SORBET,A,25,42,8,74
8809657119231,길라 롱웨어 디디 쿠션 #02,B,46,97,56,56
900022,워터페인트 250ml 검정색,C,16,53,72,285
RM204J017YE,다이애나 스파클 허기 이어링 YELLOW_F,B,7,33,65,150
CMZ110779,도미,C,29,18,91,166
O9FSAK22009250,셀럽 엣지 첼시부츠 BLACK 250,C,5,94,30,93
8809733531124,"포인트앤뷰 종이질감 MAG_BLC 에어4세대 10.9""",C,74,42,39,262
Sweatshirts Brown=XL,Ballon Sweatshirts (Brown)(사이즈=XL),C,80,17,35,131
O1SBTT37009XXX,아미나 토트 BLACK,A,28,96,21,216
900085,CB_배,B,74,41,95,173
0057-80,트레이닝 셋업 하의 - 블랙,B,82,70,29,80
O1SBCB24132XXX,엘프나 크로스바디 BABY YELLOW XXX,B,45,22,61,1
O0SCTS080010FR,HEART EMBROIDERY T-SHIRTS O0SCTS080010FR,C,28,77,23,227
O2SBCB66152XXX,비브 크로스바디_STOCK PURPLE,B,21,47,67,80
O1FSSS51009240,Alley Sneakers BLACK,B,98,68,32,259
LSSS21B004SB,스위치백 크로커 샌드베이지,B,25,37,82,204
0161-013,"켄싱턴 마스터카톤 XXL [25""~30""인치]",B,18,83,10,37
900114,스핀아트 ,A,7,59,7,245
O1SBSD64009XXX,티라 숄더 BLACK XXX,C,16,21,17,176
RM204J011MT,플로라 포스트 이어링 MULTI_F,A,33,15,45,40
0159-002,모카 머그컵,B,23,42,19,287
CNLMULS009-V01,플러피 벨벳 립 무스 #OR01,C,15,21,90,227
8801121025666,[앨리슨]아몬드 브리즈 뉴트리플러스 프로틴 190ml 24개입(18801121031015),A,55,11,77,254
CMZ111639,고양이터널반원형노랑,C,88,69,99,125
UG-ID-001,녹색전상 증명사진세트 vol.1,C,11,83,22,267
9791195941162,치매를 위한 작업치료 중재 용어집,A,98,7,53,53
0057-74,new 로고티 - 레몬,B,71,99,83,154
10013520002,[TA221SH41P] soft volume blouse-mint grey-2,A,31,35,47,212
O1FBCB51139XXX,지지 크로스바디 FOSSIL TAUPE,A,41,16,39,294
9791191687026,유하다요기초일본어7,B,59,1,31,140
Logo Hoody L-grey-L,Small Logo Hoody (L/grey)(사이즈=L),A,69,35,42,265
8809653771136,에어퀸 네오마스크(2매)(밀키 베이지)[낱장피킹],B,14,68,19,155
O0SBCB24118XXX,로스코미니크로스바디,A,41,43,15,144
O9SBCB81048XXX,로티새들 크로스바디 CLOUD,A,28,82,29,26
358122101,XVANCE ULTRA 5W30 1L,A,29,21,33,182
VD-MK-003,악역의 엔딩은 죽음뿐 금속 키링 C 이클리스,A,66,26,15,215
O1FBSD65009XXX,제너 숄더 BLACK,B,94,56,24,261
NBPA7F803E1522000,"CRT300ME, (15)Gray, 220",C,44,25,5,113
0160-03,닥터도넛 말고기 펫샐러드,A,16,30,45,98
CMZ110458,동물의 숲 곰,A,56,98,68,53
8809990340286,리필팩-젖병세정제,A,6,60,24,63
O9FHDW01065055,PREMIUM GOOSE DOWN JKT WOMEN DUSTY ROSE 055,A,90,24,51,33
O1SBTT37130XXX,아미나 토트 VANILA CREAM,A,31,54,8,6
O1FBSD65130XXX,제너 숄더 VANILLA CREAM,C,42,74,28,247
900017,워터페인트 250ml 파랑색,C,51,7,83,232
O0FCLW07081066,스웨이드 롱트렌치 쟈켓CAMEL,B,7,84,14,17
RM204H005GN,핸드메이드 소프트 셔닐 스크런치(오션) GREEN_F,B,95,20,2,282
Logo Hoody Black-S,로고 후드-블랙 컬러,B,69,59,64,194
8809733531131,"포인트앤뷰 종이질감 MAG_BLC 9세대 10.2""",A,3,40,91,27
O1FCJK10078055,LEATHER BUTTON UP CROP JACKET,A,79,3,35,166
CMZ110366,스컹크,B,72,59,93,108
O0FCLW07081066,스웨이드 롱트렌치 쟈켓CAMEL,C,36,37,74,129
O8FCDR16009066,ETHNIC POINT DRESS BLACK 066,B,94,31,21,124
8809079201750,더퓨어로터스 연꽃잎 알로에 진정세럼,C,32,89,36,243
O1SCPT02042066,CARGO PANTS - KHAKI 066,C,72,93,46,30
CMZ110182,캔디실 막대봉,C,28,16,20,222
LSSS21B004BM,스위치백 크로커 블루미스트,C,98,95,96,276
RH-AF-001,악모래 아크릴 액자 시리즈 A,C,27,56,58,35
8809823070250,루트백팩 피넛,A,8,4,94,275
0133-11,애플사이다비니거 분말 미국산,C,69,7,33,262
O1SBSD49009XXX,나디아 숄더 BLACK XXX,B,4,62,4,82
NBPD9S107B19290,"MSX90RPA, (19)Black, 290",B,49,55,34,231
O9FHLW03009044,URBAN CHIC LEATHER JACKET WOMEN BLACK 044,A,81,87,42,279
O2SBSD61009XXX,스텔라 숄더_BLACK,B,95,67,96,280
O2SBSD02133XXX,레아 숄더_SAND BROWN,A,32,90,55,155
O9FSAK61009230,빅터 누벅 첼시부츠 BLACK 230,A,73,17,61,224
O0FBTT22231XXX,케이티 미니토트DEEP GREENXXX,B,50,97,44,137
Logo Hoody Black-L,로고 후드-블랙 컬러,C,28,41,26,99
8809733530066,칠십이스퀘어핸드세니타이저액(에탄올)-30ml,B,35,32,59,201
72SQ-010113,"포인트앤뷰 개인정보 보호필름 13.3"" W9",B,86,27,18,269
20HAOULYE,"[하울팟]아웃도어 하네스,L,엘로우",A,24,89,57,168
2111DK000,옛새 디스커버리 키트(샘플),B,70,61,74,31
IN-AK-004,인소의 법칙 아크릴 키링 D. 유천영,C,8,80,53,169
O1SBCB66009XXX,케시 크로스바디 - BLACK,B,13,96,75,220
AB_RPD,롤지거치대,A,99,65,78,61
8809465970314,은가비 감귤대추한과,A,75,24,67,273
8809823070120,페블 파우치 아이보리,A,41,97,64,255
8809375784872,긁지말개 황태 저키(100G),B,6,14,89,100
8809764510020,(1매) 프리스틴 KF94 마스크(새부리형/화이트),B,61,2,89,27
PYS00634KLF,리브백(리자드LZ)-PYS00634-케일,C,10,81,61,81
O0FBBC78004XXX,밴슨 스트링버킷CREAMXXX,A,91,14,98,248
8003753158730,캡슐커피: 일리 네스프레소 호환캡슐 롱고 ,A,22,74,21,281
1140040111003,칫솔케이스-블루,C,28,12,77,58
900011,워터페인트 250ml 빨강색,C,7,11,99,272
O0FSHT46009245,그리니 하이탑 스니커즈 BLACK,A,94,86,2,14
POPMUGL002-V01,팝시노트 피치 다이아몬드,A,44,67,81,274
CMZ110892,발톱깎기핑크,C,37,27,97,31
O1SBCB31009XXX,로즈버드 크로스바디 BLACK XXX,A,8,60,94,208
O1SBSD57136XXX,마라케시 숄더 TANGERINE XXX,B,46,17,64,289
CBR_10,칼라붓10,B,72,23,52,277
O9SSDV27002225,데이나 포포 드라이빙슈즈 SILVER 225,A,28,56,27,219
O1FBSD10139XXX,미셀 숄더 FOSSIL TAUPE,A,93,11,11,106
BL2101,버튼립스틱 01.엘레강스레드,A,20,76,43,55
10012920001,[2차 리오더] [TA221JK04P] snow white classic jacket-ivory-0,B,56,86,80,66
GNGHRTR001-V01,헤어 트리트먼트 클리어 블랙,C,17,72,60,214
7118409000005,토킹피스 하트(화이트),A,15,93,66,167
CMZ0035,고양이 두더지 박스,C,57,53,62,27
0159-008,MOCAR 티셔츠 (화이트XL),C,61,54,19,183
5727UUU-001A,"베르벨라파운데이션팩트COSMOS,,,",B,80,50,94,56
0057-70,new 로고티 - 화이트,B,80,19,45,67
O0FBBP06009XXX,엘리백팩BLACK,A,56,11,69,258
7118409000040,평화형성질문카드,A,70,86,68,120
Logo Hoody L-grey-S,Small Logo Hoody (L/grey)(사이즈=S),A,94,51,29,271
DOTCP10_FA,도트 칼라색칠도안 숲속동물 10매(8절) ,A,2,9,29,13
O9SPPW45142XXX,헤리티지S폰월렛 JADE GREEN,C,60,38,63,207
CP_RT(S),CP_직사각(소),C,53,73,96,261
CNLMULS004-V02,비트윈러브 틴티드 립 #CR01,C,64,84,19,198
O9SPPW45048XXX,헤리티지S폰월렛 CLOUD XXX,B,16,69,45,151
DEF003,블랙 삼각 덤벨(3kg),B,78,7,21,89
O1FBTT03144XXX,테일러 미니 토트 BOTTLE GREEN,B,39,39,72,187
900022,워터페인트 250ml 검정색,A,77,18,20,62
8801121763957,[앨리슨]아몬드 브리즈 오리지널 950ml ,C,87,99,61,34
O1SBSD64118XXX,티라 숄더 TOFFEE TAN,A,53,40,49,19
900087,CB_비행기,C,54,50,84,288
NKPM6S537B0M130,"KA207PBI, M, 130",C,22,55,90,216
CMZ110748,우유팩바나나,A,16,16,26,116
5727UUU-004A,"베르벨라파운데이션팩트AURORA,,,",B,52,5,80,196
10012920002,[2차 리오더] [TA221JK04P] snow white classic jacket-ivory-1,B,18,60,50,14
7118409000255,실천약속카드,A,63,75,72,151
O9SSSR78019230,크루니슬리퍼 CARAMEL 230,C,87,35,68,252
72SQ-005070,72스퀘어 안티포그 스프레이,A,38,7,29,165
8809516971888,EK모이스쳐인텐시브크림,C,99,83,78,166
O0FCPT211290FR,애플프린트 조거팬츠MELANGE BEIGE,B,27,21,54,202
72SQ-0010101,72square 스타일 마스크 매쉬 블랙 L,C,50,6,35,134
1KSENV,스타아이드 키링(네이비),B,83,27,31,295
Logo Hoody L-grey-S,Small Logo Hoody (L/grey)(사이즈=S),C,17,37,83,282
AB-CBSC,CB_허수아비,A,33,12,13,243
O0SPAC02009XXX,램지팟 BLACK XXX,A,6,22,12,131
0210SET5,"3종세트A-크림 2,스킨 1,비누 2,크림샘플 1",C,44,72,41,152
Basic T/sh White-M,티셔츠-화이트 컬러,C,94,59,29,34
CMZ0035,고양이 두더지 박스,B,25,97,37,281
RM212S001WT235,RM212S001 WHITE,C,5,22,1,240
CMZ111370,반팔티살구,A,11,55,83,112
8809079207219,더퓨어로터스 제주 보태니컬 선크림,A,49,99,22,104
Logo Hoody grey-S,로고 후드-그레이 컬러,C,10,87,53,175
IN-AK-002,인소의 법칙 아크릴 키링 B. 반여령,B,14,20,92,19
Logo Hoody Blue-L,로고 후드-블루 컬러,B,71,50,10,217
O1SPPW13099XXX,제마 폰월렛 SKY BLUE XXX,C,30,94,94,278
O2SBCB46149XXX,루키 크랙 크로스바디-BUTTER CREAM,B,25,66,19,80
O1FSSS51011245,Alley Sneakers GREY,C,98,98,74,123
O9SSDV27062225,데이나 포포 드라이빙슈즈 LAVENDER 225,C,91,37,94,243
7613036958981,스타벅스 카페 베로나 10캡슐,C,53,86,23,145
7118409000026,토킹피스 불꽃,C,12,46,74,136
O0FPAC06011XXX,멜란지 야니랩GREY,A,54,80,30,205
O1FBTT31145XXX,조앤 토트-WAVE BLUE,A,72,6,23,44
Stripe T/sh-Blue-M,스트라이프-블루,B,16,23,36,26
O0FBSP38009XXX,제이미 N 쇼퍼BLACK,A,40,16,65,172
7118409000187,더자람 스티커(7118409000163),A,15,37,47,84
10004220002,stripe wide pintuck pants-stripe-m,C,37,5,38,75
O1FBCB20146XXX,엘레나 크로스바디 STONE GREY,C,41,44,13,39
O1FBCB37231XXX,리사 크로스바디 DEEP GREEN,C,33,87,50,239
NBNS74W14219070,"WOMEN 사선 그래픽 레깅스, Black, 070",B,79,6,70,96
8802863124532,제이엠 비컴포르테,A,36,48,22,74
CMZ110557,깃털 창문 장난감,B,86,52,66,62
RM204S007WH235,윈드레이서 스프리트,B,57,85,98,72
10011720002,[TA212JK05P] tailored velvet coat-navy-1,C,86,19,49,91
O0SBCL54007XXX,테일러 클러치 PEWTER XXX,A,5,50,31,88
0057-74,new 로고티 - 레몬,C,44,85,73,96
O1SBSD49009XXX,나디아 숄더 BLACK XXX,C,28,37,23,154
IN-AK-004,인소의 법칙 아크릴 키링 D. 유천영,B,27,4,99,93
O1FBSD10009XXX,미셀 숄더 BLACK,C,28,27,39,30
O8SCTS15009066,LONG SLV LEATHER PTCH TS BLACK 066,B,54,28,55,242
O9FHSK0723100L,FLARE LEATHER SKIRT DEEP GREEN 00L,B,81,59,24,14
AB-CBDS,CB_공룡,B,28,37,17,79
O1FSSS51009235,Alley Sneakers BLACK,C,52,29,26,41
O2SBSD26151XXX,엘프나 숄더_SWEET GREEN,C,17,74,88,287
O1SBSD64009XXX,티라 숄더 BLACK XXX,A,59,56,39,30
72SQ-010117,"포인트앤뷰 개인정보 보호필름 17"" W",C,54,77,56,292
RM204J008GD,미정마야 버블드 클러스터 허기 이어링 GOLD_F,C,48,70,61,217
CMZ111684,지퍼숨숨집S,C,32,89,22,174
8809764510020,(1매) 프리스틴 KF94 마스크(새부리형/화이트),C,84,46,87,166
RM211H006DY,Ponytail Medium Scrunchie Dark Gray,C,26,96,54,109
900052,페인트파레트,A,72,82,22,150
O1SBBC70130XXX,마틀렌 버킷 VANILLA CREAM XXX,A,31,61,10,227
UG-AFS-001,아크릴 액자 3종세트(개별3종)+ 특전카드 ,C,47,93,12,32
10013820002,[TA221VT53P] stitch slim vest-black-1,A,70,47,43,293
8809733531179,"포인트앤뷰 지문방지 AFP_BLC 갤럭시 북프로 360 13""W9",C,55,26,35,108
8809389351718,에콜린 마마스 케어크림 ,B,54,75,20,238
O1SCDR010090FR,SHIRTS COLLAR GATHER DRESS - BLACK 0FR,C,18,74,85,229
CMZ110694,고양이연어고기사료,A,24,81,87,91
ADLSKCR001-V01,엘드라뽀 쓰리 세컨 루미너스 크림,C,96,46,6,129
Short Pants M-grey-M,반바지-그레이 컬러,A,26,62,56,161
900020,워터페인트 250ml 흰색,C,98,22,29,186
RM204J012PC,하트 스테이트 펜던트 넥크리스 PEACH_F,B,49,3,73,127
VD-PC-001,악역의 엔딩은 죽음뿐 엽서세트 (6종+봉투),B,84,75,47,289
IN-AS-004,인소의 법칙 아크릴 스탠드 D. 권은형,C,52,98,85,151
GNGHRTR004-V01,고잉그레이 트리트먼트 에쉬로제,B,99,40,57,88
O2SBBC29155XXX,알리 버킷+KELLY GREEN,A,78,95,4,261
8809653771211,에어퀸 에센셜 생리대 롱라이너 20P,B,52,18,31,250
 JRD_DOT2_AP ,도트마카북세트,A,42,36,83,72
20LSOU0BE,"[하울팟]아웃도어 리드줄,F,베이지",B,2,57,68,31
NBPD8S530W10260,"U520DA, White, 260",B,8,60,93,56
O9FHPT0625900S,WIDE LEATHER PANTS BRICK 00S,C,41,81,99,188
O1FSSO54009230,헤리티지 L 스니커즈 BLACK,C,19,3,28,138
O8FBCB21009XXX,제라드 크로스바디 BLACK XXX,C,85,88,67,292
O1FBBC16009XXX,셀레나 버킷 BLACK,A,31,23,83,22
8809668703849,비타민C 포뮬러 7포,B,10,5,3,246
CMZ110526,스테인레스 끈 1개,B,58,19,79,149
O0FBSD95009XXX,리브숄더BLACK,A,46,67,7,110
O2SBSD61048XXX,스텔라 숄더_CLOUD,A,25,4,97,23
CMZ110144,방울 캔디주머니 막대봉,B,49,66,74,133
RD-PM-002, 그녀가 공작저로 가야했던 사정 손거울B 아담,A,18,25,28,6
BGLMUMA003-V01,벨그림 스키니 컬 픽스카라 브라운,B,23,88,18,198
72SQ-010224,"포인트앤뷰 개인정보 보호필름 24"" W9",B,83,37,15,279
0210SET3,"크림세트C-크림 2,비누 1,헤어 1,크림샘플 1",B,44,21,36,59
358122321,SILVER Alpha 5W40,C,40,4,69,184
0214-02,마스크 (피부 진정 앤 미백) 낱장 1개,A,81,42,36,125
O1FBTT13144XXX,안나 미니 토트 BOTTLE GREEN,B,54,98,35,201
900002,빅아트세트,B,65,38,62,242
O1FCJK10078055,LEATHER BUTTON UP CROP JACKET,B,14,33,1,205
2130001111007,레지옹-다크브라운,A,92,13,46,213
7613036958981,스타벅스 카페 베로나 10캡슐,C,91,70,71,106
RM212S001WT240,RM212S001 WHITE,C,83,35,40,248
RM204H005GN,핸드메이드 소프트 셔닐 스크런치(오션) GREEN_F,C,64,94,6,193
